INFO:root:[Name Server] 2026/03/30 19:04:45 Name Server running on http://localhost:9000
INFO:root:[Front-end Server] 
INFO:root:[Front-end Server] > checkered@0.0.0 dev
INFO:root:[Front-end Server] > vite
INFO:root:[Front-end Server] 
INFO:root:[Front-end Server] 
INFO:root:[Front-end Server]   [32m[1mVITE[22m v7.3.1[39m  [2mready in [0m[1m297[22m[2m[0m ms[22m
INFO:root:[Front-end Server] 
INFO:root:[Front-end Server]   [32m➜[39m  [1mLocal[22m:   [36mhttp://localhost:[1m5173[22m/[39m
INFO:root:[Front-end Server] [2m  [32m➜[39m  [1mNetwork[22m[2m: use [22m[1m--host[22m[2m to expose[22m
INFO:root:Created matchmaker with pid: "MM00"
INFO:root:Created gameserver with pid: "GS00"
INFO:root:Created gameserver with pid: "GS01"
INFO:root:[GS00] 2026/03/30 19:04:55 Using name server located at http://localhost:9000
INFO:root:[GS00] 2026/03/30 19:04:55 Game Server running on http://localhost:3000
INFO:root:[GS01] 2026/03/30 19:04:55 Using name server located at http://localhost:9000
INFO:root:[GS01] 2026/03/30 19:04:55 Game Server running on http://localhost:3001
INFO:root:[Name Server] 2026/03/30 19:04:55 POST /register/game-server - http://localhost:3000
INFO:root:[GS00] 2026/03/30 19:04:55 Registered with ID: 0
INFO:root:[Name Server] 2026/03/30 19:04:55 GET /game-servers - [{"id":0,"url":"http://localhost:3000"}]
INFO:root:[GS00] [0] 2026/03/30 19:04:55 Refreshed the list of other Game Servers
INFO:root:[Name Server] 2026/03/30 19:04:55 POST /register/game-server - http://localhost:3001
INFO:root:[GS01] 2026/03/30 19:04:55 Registered with ID: 1
INFO:root:[Name Server] 2026/03/30 19:04:55 GET /game-servers - [{"id":0,"url":"http://localhost:3000"},{"id":1,"url":"http://localhost:3001"}]
INFO:root:[GS01] [1] 2026/03/30 19:04:55 Refreshed the list of other Game Servers
INFO:root:[GS01] [1] 2026/03/30 19:04:55     0: http://localhost:3000
INFO:root:[MM00] 2026/03/30 19:04:55 Using name server located at http://localhost:9000
INFO:root:[MM00] 2026/03/30 19:04:55 Matchmaker running on http://localhost:2000
INFO:root:[Name Server] 2026/03/30 19:04:55 POST /register/matchmaker - http://localhost:2000
INFO:root:[MM00] 2026/03/30 19:04:55 Registered with ID: 0
INFO:root:[MM00] [0] 2026/03/30 19:04:55 Initiating a leader election
INFO:root:[Name Server] 2026/03/30 19:04:55 Matchmakers:  1
INFO:root:[MM00] [0] 2026/03/30 19:04:55 Refreshed the list of other Matchmakers
INFO:root:[Name Server] 2026/03/30 19:04:55 GET /matchmakers - [{"id":0,"url":"http://localhost:2000"}]
INFO:root:[MM00] [0] 2026/03/30 19:04:55 Declaring itself leader as it has the highest ID: 0
INFO:root:[MM00] [0] 2026/03/30 19:04:55 Sending leader(0) messages
INFO:root:[Name Server] 2026/03/30 19:05:00 Matchmakers:  1
INFO:root:[Name Server] 2026/03/30 19:05:00 GET /matchmakers - [{"id":0,"url":"http://localhost:2000"}]
INFO:root:[MM00] [0] 2026/03/30 19:05:00 Handling request locally for endpoint: /queue/add
INFO:root:[MM00] [0] 2026/03/30 19:05:00 Adding "User 1" to queue
INFO:root:[MM00] [0] 2026/03/30 19:05:00 Handling request locally for endpoint: /queue/poll
INFO:root:[Name Server] 2026/03/30 19:05:00 Matchmakers:  1
INFO:root:[Name Server] 2026/03/30 19:05:00 GET /matchmakers - [{"id":0,"url":"http://localhost:2000"}]
INFO:root:[MM00] [0] 2026/03/30 19:05:00 Handling request locally for endpoint: /queue/add
INFO:root:[Name Server] 2026/03/30 19:05:00 GET /game-servers - [{"id":0,"url":"http://localhost:3000"},{"id":1,"url":"http://localhost:3001"}]
INFO:root:[MM00] [0] 2026/03/30 19:05:00 Adding "User 2" to queue
INFO:root:[MM00] [0] 2026/03/30 19:05:00 Picked game server: http://localhost:3000 (ID: 0)
INFO:root:[GS00] [0] 2026/03/30 19:05:00 Broadcasting snapshot for game: 689429fb-9dda-4ed1-96d0-ca62e24ad787
INFO:root:[Name Server] 2026/03/30 19:05:00 GET /game-servers - [{"id":0,"url":"http://localhost:3000"},{"id":1,"url":"http://localhost:3001"}]
INFO:root:[GS00] [0] 2026/03/30 19:05:00 Refreshed the list of other Game Servers
INFO:root:[GS00] [0] 2026/03/30 19:05:00     1: http://localhost:3001
INFO:root:[GS00] [0] 2026/03/30 19:05:00 Sending request to: http://localhost:3001/internal
INFO:root:[GS01] [1] 2026/03/30 19:05:00 Received broadcast
INFO:root:[GS00] [0] 2026/03/30 19:05:00 Message Broadcast Successful
INFO:root:[GS01] [1] 2026/03/30 19:05:00 Received snapshot for game 689429fb-9dda-4ed1-96d0-ca62e24ad787
INFO:root:[MM00] [0] 2026/03/30 19:05:00 Match created: User 1 (red) vs User 2 (black)
INFO:root:[GS00] [0] 2026/03/30 19:05:00 Created pending game: 689429fb-9dda-4ed1-96d0-ca62e24ad787
INFO:root:[GS01] [1] 2026/03/30 19:05:00 Created game 689429fb-9dda-4ed1-96d0-ca62e24ad787
INFO:root:[GS01] [1] 2026/03/30 19:05:00 Updated game 689429fb-9dda-4ed1-96d0-ca62e24ad787
INFO:root:[MM00] [0] 2026/03/30 19:05:00 Handling request locally for endpoint: /queue/poll
INFO:root:[MM00] [0] 2026/03/30 19:05:00 User "User 2" has been matched, sending game server [0] http://localhost:3000
INFO:root:[GS00] [0] 2026/03/30 19:05:01 Client "User 2" connected
INFO:root:[GS00] [0] 2026/03/30 19:05:01 Game Identified 689429fb-9dda-4ed1-96d0-ca62e24ad787
INFO:root:[GS00] [0] 2026/03/30 19:05:01 Waiting for opponent
INFO:root:[MM00] [0] 2026/03/30 19:05:02 Handling request locally for endpoint: /queue/poll
INFO:root:[MM00] [0] 2026/03/30 19:05:02 User "User 1" has been matched, sending game server [0] http://localhost:3000
INFO:root:[GS00] [0] 2026/03/30 19:05:02 Client "User 1" connected
INFO:root:[GS00] [0] 2026/03/30 19:05:02 Game Identified 689429fb-9dda-4ed1-96d0-ca62e24ad787
INFO:root:[GS00] [0] 2026/03/30 19:05:02 Starting game: 689429fb-9dda-4ed1-96d0-ca62e24ad787
INFO:root:[GS00] [0] 2026/03/30 19:05:04 Broadcasting snapshot for game: 689429fb-9dda-4ed1-96d0-ca62e24ad787
INFO:root:[Name Server] 2026/03/30 19:05:04 GET /game-servers - [{"id":0,"url":"http://localhost:3000"},{"id":1,"url":"http://localhost:3001"}]
INFO:root:[GS00] [0] 2026/03/30 19:05:04 Refreshed the list of other Game Servers
INFO:root:[GS01] [1] 2026/03/30 19:05:04 Received broadcast
INFO:root:[GS00] [0] 2026/03/30 19:05:04     1: http://localhost:3001
INFO:root:[GS01] [1] 2026/03/30 19:05:04 Received snapshot for game 689429fb-9dda-4ed1-96d0-ca62e24ad787
INFO:root:[GS00] [0] 2026/03/30 19:05:04 Sending request to: http://localhost:3001/internal
INFO:root:[GS01] [1] 2026/03/30 19:05:04 Updated game 689429fb-9dda-4ed1-96d0-ca62e24ad787
INFO:root:[GS00] [0] 2026/03/30 19:05:04 Message Broadcast Successful
INFO:root:[GS00] [0] 2026/03/30 19:05:08 Broadcasting snapshot for game: 689429fb-9dda-4ed1-96d0-ca62e24ad787
INFO:root:[Name Server] 2026/03/30 19:05:08 GET /game-servers - [{"id":0,"url":"http://localhost:3000"},{"id":1,"url":"http://localhost:3001"}]
INFO:root:[GS00] [0] 2026/03/30 19:05:08 Refreshed the list of other Game Servers
INFO:root:[GS01] [1] 2026/03/30 19:05:08 Received broadcast
INFO:root:[GS00] [0] 2026/03/30 19:05:08     1: http://localhost:3001
INFO:root:[GS00] [0] 2026/03/30 19:05:08 Sending request to: http://localhost:3001/internal
INFO:root:[GS00] [0] 2026/03/30 19:05:08 Message Broadcast Successful
INFO:root:[GS01] [1] 2026/03/30 19:05:08 Received snapshot for game 689429fb-9dda-4ed1-96d0-ca62e24ad787
INFO:root:[GS01] [1] 2026/03/30 19:05:08 Updated game 689429fb-9dda-4ed1-96d0-ca62e24ad787
INFO:root:[GS00] [0] 2026/03/30 19:05:09 Broadcasting snapshot for game: 689429fb-9dda-4ed1-96d0-ca62e24ad787
INFO:root:[Name Server] 2026/03/30 19:05:09 GET /game-servers - [{"id":0,"url":"http://localhost:3000"},{"id":1,"url":"http://localhost:3001"}]
INFO:root:[GS00] [0] 2026/03/30 19:05:09 Refreshed the list of other Game Servers
INFO:root:[GS01] [1] 2026/03/30 19:05:09 Received broadcast
INFO:root:[GS00] [0] 2026/03/30 19:05:09     1: http://localhost:3001
INFO:root:[GS01] [1] 2026/03/30 19:05:09 Received snapshot for game 689429fb-9dda-4ed1-96d0-ca62e24ad787
INFO:root:[GS00] [0] 2026/03/30 19:05:09 Sending request to: http://localhost:3001/internal
INFO:root:[GS01] [1] 2026/03/30 19:05:09 Updated game 689429fb-9dda-4ed1-96d0-ca62e24ad787
INFO:root:[GS00] [0] 2026/03/30 19:05:09 Message Broadcast Successful
INFO:root:Killing game server "GS00"
INFO:root:[MM00] [0] 2026/03/30 19:05:13 Handling request locally for endpoint: /match/request-new-game-server
INFO:root:[MM00] [0] 2026/03/30 19:05:13 Handling request locally for endpoint: /match/request-new-game-server
DEBUG:root:[GS00] Terminated
INFO:root:Game server "GS00" killed
INFO:root:[MM00] [0] 2026/03/30 19:05:13 Deregistering Game Server 0
INFO:root:[Name Server] 2026/03/30 19:05:13 POST /deregister/game-server - 0
INFO:root:[MM00] [0] 2026/03/30 19:05:13 Finding a replacement Game Server for match 689429fb-9dda-4ed1-96d0-ca62e24ad787
INFO:root:[Name Server] 2026/03/30 19:05:13 GET /game-servers - [{"id":1,"url":"http://localhost:3001"}]
INFO:root:[GS01] [1] 2026/03/30 19:05:13 Taking over game: 689429fb-9dda-4ed1-96d0-ca62e24ad787
INFO:root:[Name Server] 2026/03/30 19:05:13 GET /game-servers - [{"id":1,"url":"http://localhost:3001"}]
INFO:root:[GS01] [1] 2026/03/30 19:05:13 Broadcasting snapshot for game: 689429fb-9dda-4ed1-96d0-ca62e24ad787
INFO:root:[MM00] [0] 2026/03/30 19:05:13 Match 689429fb-9dda-4ed1-96d0-ca62e24ad787 moved to Game Server [1] http://localhost:3001
INFO:root:[GS01] [1] 2026/03/30 19:05:13 Refreshed the list of other Game Servers
INFO:root:[GS01] [1] 2026/03/30 19:05:13 Message Broadcast Successful
INFO:root:[MM00] [0] 2026/03/30 19:05:13 Handling request locally for endpoint: /queue/poll
INFO:root:[MM00] [0] 2026/03/30 19:05:13 User "User 2" has been matched, sending game server [1] http://localhost:3001
INFO:root:[MM00] [0] 2026/03/30 19:05:13 Handling request locally for endpoint: /queue/poll
INFO:root:[MM00] [0] 2026/03/30 19:05:13 User "User 1" has been matched, sending game server [1] http://localhost:3001
INFO:root:[GS01] [1] 2026/03/30 19:05:13 Client "User 2" connected
INFO:root:[GS01] [1] 2026/03/30 19:05:13 Game Identified 689429fb-9dda-4ed1-96d0-ca62e24ad787
INFO:root:[GS01] [1] 2026/03/30 19:05:13 Waiting for opponent
INFO:root:[GS01] [1] 2026/03/30 19:05:13 Client "User 1" connected
INFO:root:[GS01] [1] 2026/03/30 19:05:13 Game Identified 689429fb-9dda-4ed1-96d0-ca62e24ad787
INFO:root:[GS01] [1] 2026/03/30 19:05:13 Starting game: 689429fb-9dda-4ed1-96d0-ca62e24ad787
INFO:root:[Name Server] 2026/03/30 19:05:15 GET /game-servers - [{"id":1,"url":"http://localhost:3001"}]
INFO:root:[GS01] [1] 2026/03/30 19:05:15 Refreshed the list of other Game Servers
INFO:root:[GS01] [1] 2026/03/30 19:05:18 Broadcasting snapshot for game: 689429fb-9dda-4ed1-96d0-ca62e24ad787
INFO:root:[Name Server] 2026/03/30 19:05:18 GET /game-servers - [{"id":1,"url":"http://localhost:3001"}]
INFO:root:[GS01] [1] 2026/03/30 19:05:18 Refreshed the list of other Game Servers
INFO:root:[GS01] [1] 2026/03/30 19:05:18 Message Broadcast Successful
INFO:root:[GS01] [1] 2026/03/30 19:05:19 Sending game result to matchmaker: (game=689429fb-9dda-4ed1-96d0-ca62e24ad787, winner=User 2, loser=User 1)
INFO:root:[GS01] [1] 2026/03/30 19:05:19 User User 2 disconnected
INFO:root:[Name Server] 2026/03/30 19:05:35 GET /game-servers - [{"id":1,"url":"http://localhost:3001"}]
INFO:root:[GS01] [1] 2026/03/30 19:05:35 Refreshed the list of other Game Servers
INFO:root:[Name Server] 2026/03/30 19:05:55 GET /game-servers - [{"id":1,"url":"http://localhost:3001"}]
INFO:root:[GS01] [1] 2026/03/30 19:05:55 Refreshed the list of other Game Servers
INFO:root:[Name Server] 2026/03/30 19:06:15 GET /game-servers - [{"id":1,"url":"http://localhost:3001"}]
INFO:root:[GS01] [1] 2026/03/30 19:06:15 Refreshed the list of other Game Servers
INFO:root:[MM00] [0] 2026/03/30 19:06:20 Handling request locally for endpoint: /match/request-new-game-server
INFO:root:[MM00] [0] 2026/03/30 19:06:20 Handling request locally for endpoint: /queue/poll
INFO:root:[MM00] [0] 2026/03/30 19:06:20 User "User 1" has been matched, sending game server [1] http://localhost:3001
INFO:root:[GS01] [1] 2026/03/30 19:06:20 Client "User 1" connected
INFO:root:[Name Server] 2026/03/30 19:06:35 GET /game-servers - [{"id":1,"url":"http://localhost:3001"}]
INFO:root:[GS01] [1] 2026/03/30 19:06:35 Refreshed the list of other Game Servers
INFO:root:[Name Server] exit status 0xc000013a
DEBUG:root:[Name Server] Terminated
INFO:root:[Front-end Server] ^CTerminate batch job (Y/N)?
DEBUG:root:[Front-end Server] Terminated
INFO:root:[MM00] exit status 0xc000013a
DEBUG:root:[MM00] Terminated
INFO:root:[GS01] exit status 0xc000013a
DEBUG:root:[GS01] Terminated
INFO:root:[Name Server] 2026/03/30 19:12:18 Name Server running on http://localhost:9000
INFO:root:[Front-end Server] 
INFO:root:[Front-end Server] > checkered@0.0.0 dev
INFO:root:[Front-end Server] > vite
INFO:root:[Front-end Server] 
INFO:root:[Front-end Server] 
INFO:root:[Front-end Server]   [32m[1mVITE[22m v7.3.1[39m  [2mready in [0m[1m343[22m[2m[0m ms[22m
INFO:root:[Front-end Server] 
INFO:root:[Front-end Server]   [32m➜[39m  [1mLocal[22m:   [36mhttp://localhost:[1m5173[22m/[39m
INFO:root:[Front-end Server] [2m  [32m➜[39m  [1mNetwork[22m[2m: use [22m[1m--host[22m[2m to expose[22m
INFO:root:[Name Server] 2026/03/30 19:12:27 Matchmakers:  0
INFO:root:[Name Server] 2026/03/30 19:12:27 GET /matchmakers - []
INFO:root:[Name Server] 2026/03/30 19:12:28 Matchmakers:  0
INFO:root:[Name Server] 2026/03/30 19:12:28 GET /matchmakers - []
INFO:root:[Name Server] 2026/03/30 19:12:29 Matchmakers:  0
INFO:root:[Name Server] 2026/03/30 19:12:29 GET /matchmakers - []
INFO:root:[Name Server] 2026/03/30 19:12:30 Matchmakers:  0
INFO:root:[Name Server] 2026/03/30 19:12:30 GET /matchmakers - []
INFO:root:[Name Server] 2026/03/30 19:12:31 Matchmakers:  0
INFO:root:[Name Server] 2026/03/30 19:12:31 GET /matchmakers - []
INFO:root:[Name Server] 2026/03/30 19:12:32 Matchmakers:  0
INFO:root:[Name Server] 2026/03/30 19:12:32 GET /matchmakers - []
INFO:root:[Name Server] 2026/03/30 19:12:33 Matchmakers:  0
INFO:root:[Name Server] 2026/03/30 19:12:33 GET /matchmakers - []
INFO:root:[Name Server] 2026/03/30 19:12:34 Matchmakers:  0
INFO:root:[Name Server] 2026/03/30 19:12:34 GET /matchmakers - []
INFO:root:[Name Server] 2026/03/30 19:12:35 Matchmakers:  0
INFO:root:[Name Server] 2026/03/30 19:12:35 GET /matchmakers - []
INFO:root:[Name Server] 2026/03/30 19:12:36 Matchmakers:  0
INFO:root:[Name Server] 2026/03/30 19:12:36 GET /matchmakers - []
INFO:root:[Name Server] 2026/03/30 19:12:37 Matchmakers:  0
INFO:root:[Name Server] 2026/03/30 19:12:37 GET /matchmakers - []
INFO:root:[Name Server] 2026/03/30 19:12:38 Matchmakers:  0
INFO:root:[Name Server] 2026/03/30 19:12:38 GET /matchmakers - []
INFO:root:[Name Server] 2026/03/30 19:12:39 Matchmakers:  0
INFO:root:[Name Server] 2026/03/30 19:12:39 GET /matchmakers - []
INFO:root:[Name Server] 2026/03/30 19:12:40 Matchmakers:  0
INFO:root:[Name Server] 2026/03/30 19:12:40 GET /matchmakers - []
INFO:root:[Name Server] 2026/03/30 19:12:42 Matchmakers:  0
INFO:root:[Name Server] 2026/03/30 19:12:42 GET /matchmakers - []
INFO:root:[Name Server] 2026/03/30 19:12:42 Matchmakers:  0
INFO:root:[Name Server] 2026/03/30 19:12:42 GET /matchmakers - []
INFO:root:[Name Server] 2026/03/30 19:12:44 Matchmakers:  0
INFO:root:[Name Server] 2026/03/30 19:12:44 GET /matchmakers - []
INFO:root:[Name Server] 2026/03/30 19:12:44 Matchmakers:  0
INFO:root:[Name Server] 2026/03/30 19:12:44 GET /matchmakers - []
INFO:root:[Name Server] 2026/03/30 19:12:46 Matchmakers:  0
INFO:root:[Name Server] 2026/03/30 19:12:46 GET /matchmakers - []
INFO:root:[Name Server] 2026/03/30 19:12:46 Matchmakers:  0
INFO:root:[Name Server] 2026/03/30 19:12:46 GET /matchmakers - []
INFO:root:[Name Server] 2026/03/30 19:12:48 Matchmakers:  0
INFO:root:[Name Server] 2026/03/30 19:12:48 GET /matchmakers - []
INFO:root:[Name Server] 2026/03/30 19:12:48 Matchmakers:  0
INFO:root:[Name Server] 2026/03/30 19:12:48 GET /matchmakers - []
INFO:root:[Name Server] 2026/03/30 19:12:50 Matchmakers:  0
INFO:root:[Name Server] 2026/03/30 19:12:50 GET /matchmakers - []
INFO:root:[Name Server] 2026/03/30 19:12:50 Matchmakers:  0
INFO:root:[Name Server] 2026/03/30 19:12:50 GET /matchmakers - []
INFO:root:[Name Server] 2026/03/30 19:12:52 Matchmakers:  0
INFO:root:[Name Server] 2026/03/30 19:12:52 GET /matchmakers - []
INFO:root:[Name Server] 2026/03/30 19:12:52 Matchmakers:  0
INFO:root:[Name Server] 2026/03/30 19:12:52 GET /matchmakers - []
INFO:root:[Name Server] 2026/03/30 19:12:54 Matchmakers:  0
INFO:root:[Name Server] 2026/03/30 19:12:54 GET /matchmakers - []
INFO:root:[Name Server] 2026/03/30 19:12:54 Matchmakers:  0
INFO:root:[Name Server] 2026/03/30 19:12:54 GET /matchmakers - []
INFO:root:Created matchmaker with pid: "MM00"
INFO:root:Created gameserver with pid: "GS00"
INFO:root:Created gameserver with pid: "GS01"
INFO:root:[Name Server] 2026/03/30 19:12:56 Matchmakers:  0
INFO:root:[Name Server] 2026/03/30 19:12:56 GET /matchmakers - []
INFO:root:[Name Server] 2026/03/30 19:12:56 Matchmakers:  0
INFO:root:[Name Server] 2026/03/30 19:12:56 GET /matchmakers - []
INFO:root:[GS01] 2026/03/30 19:12:57 Using name server located at http://localhost:9000
INFO:root:[GS00] 2026/03/30 19:12:57 Using name server located at http://localhost:9000
INFO:root:[GS01] 2026/03/30 19:12:57 Game Server running on http://localhost:3001
INFO:root:[GS00] 2026/03/30 19:12:57 Game Server running on http://localhost:3000
INFO:root:[MM00] 2026/03/30 19:12:57 Using name server located at http://localhost:9000
INFO:root:[MM00] 2026/03/30 19:12:57 Matchmaker running on http://localhost:2000
INFO:root:[Name Server] 2026/03/30 19:12:57 POST /register/game-server - http://localhost:3001
INFO:root:[GS01] 2026/03/30 19:12:57 Registered with ID: 0
INFO:root:[Name Server] 2026/03/30 19:12:57 GET /game-servers - [{"id":0,"url":"http://localhost:3001"}]
INFO:root:[GS01] [0] 2026/03/30 19:12:57 Refreshed the list of other Game Servers
INFO:root:[Name Server] 2026/03/30 19:12:57 POST /register/game-server - http://localhost:3000
INFO:root:[GS00] 2026/03/30 19:12:57 Registered with ID: 1
INFO:root:[Name Server] 2026/03/30 19:12:57 GET /game-servers - [{"id":0,"url":"http://localhost:3001"},{"id":1,"url":"http://localhost:3000"}]
INFO:root:[GS00] [1] 2026/03/30 19:12:57 Refreshed the list of other Game Servers
INFO:root:[GS00] [1] 2026/03/30 19:12:57     0: http://localhost:3001
INFO:root:[Name Server] 2026/03/30 19:12:57 POST /register/matchmaker - http://localhost:2000
INFO:root:[MM00] 2026/03/30 19:12:57 Registered with ID: 0
INFO:root:[MM00] [0] 2026/03/30 19:12:57 Initiating a leader election
INFO:root:[Name Server] 2026/03/30 19:12:57 Matchmakers:  1
INFO:root:[MM00] [0] 2026/03/30 19:12:57 Refreshed the list of other Matchmakers
INFO:root:[Name Server] 2026/03/30 19:12:57 GET /matchmakers - [{"id":0,"url":"http://localhost:2000"}]
INFO:root:[MM00] [0] 2026/03/30 19:12:57 Declaring itself leader as it has the highest ID: 0
INFO:root:[MM00] [0] 2026/03/30 19:12:57 Sending leader(0) messages
INFO:root:[Name Server] 2026/03/30 19:12:58 Matchmakers:  1
INFO:root:[Name Server] 2026/03/30 19:12:58 GET /matchmakers - [{"id":0,"url":"http://localhost:2000"}]
INFO:root:[MM00] [0] 2026/03/30 19:12:58 Handling request locally for endpoint: /queue/add
INFO:root:[MM00] [0] 2026/03/30 19:12:58 Adding "User 1" to queue
INFO:root:[MM00] [0] 2026/03/30 19:12:58 Handling request locally for endpoint: /queue/poll
INFO:root:[Name Server] 2026/03/30 19:12:58 Matchmakers:  1
INFO:root:[Name Server] 2026/03/30 19:12:58 GET /matchmakers - [{"id":0,"url":"http://localhost:2000"}]
INFO:root:[MM00] [0] 2026/03/30 19:12:58 Handling request locally for endpoint: /queue/add
INFO:root:[Name Server] 2026/03/30 19:12:58 GET /game-servers - [{"id":0,"url":"http://localhost:3001"},{"id":1,"url":"http://localhost:3000"}]
INFO:root:[MM00] [0] 2026/03/30 19:12:58 Adding "User 2" to queue
INFO:root:[MM00] [0] 2026/03/30 19:12:58 Picked game server: http://localhost:3001 (ID: 0)
INFO:root:[GS01] [0] 2026/03/30 19:12:58 Broadcasting snapshot for game: 066f4171-b7d6-4571-821b-f26dfc845d8b
INFO:root:[Name Server] 2026/03/30 19:12:58 GET /game-servers - [{"id":0,"url":"http://localhost:3001"},{"id":1,"url":"http://localhost:3000"}]
INFO:root:[GS01] [0] 2026/03/30 19:12:58 Refreshed the list of other Game Servers
INFO:root:[GS01] [0] 2026/03/30 19:12:58     1: http://localhost:3000
INFO:root:[GS01] [0] 2026/03/30 19:12:58 Sending request to: http://localhost:3000/internal
INFO:root:[GS00] [1] 2026/03/30 19:12:58 Received broadcast
INFO:root:[GS00] [1] 2026/03/30 19:12:58 Received snapshot for game 066f4171-b7d6-4571-821b-f26dfc845d8b
INFO:root:[GS01] [0] 2026/03/30 19:12:58 Message Broadcast Successful
INFO:root:[MM00] [0] 2026/03/30 19:12:58 Match created: User 1 (red) vs User 2 (black)
INFO:root:[GS00] [1] 2026/03/30 19:12:58 Created game 066f4171-b7d6-4571-821b-f26dfc845d8b
INFO:root:[GS00] [1] 2026/03/30 19:12:58 Updated game 066f4171-b7d6-4571-821b-f26dfc845d8b
INFO:root:[GS01] [0] 2026/03/30 19:12:58 Created pending game: 066f4171-b7d6-4571-821b-f26dfc845d8b
INFO:root:[MM00] [0] 2026/03/30 19:12:58 Handling request locally for endpoint: /queue/poll
INFO:root:[MM00] [0] 2026/03/30 19:12:58 User "User 2" has been matched, sending game server [0] http://localhost:3001
INFO:root:[GS01] [0] 2026/03/30 19:12:58 Client "User 2" connected
INFO:root:[GS01] [0] 2026/03/30 19:12:58 Game Identified 066f4171-b7d6-4571-821b-f26dfc845d8b
INFO:root:[GS01] [0] 2026/03/30 19:12:58 Waiting for opponent
INFO:root:[MM00] [0] 2026/03/30 19:13:00 Handling request locally for endpoint: /queue/poll
INFO:root:[MM00] [0] 2026/03/30 19:13:00 User "User 1" has been matched, sending game server [0] http://localhost:3001
INFO:root:[GS01] [0] 2026/03/30 19:13:00 Client "User 1" connected
INFO:root:[GS01] [0] 2026/03/30 19:13:00 Game Identified 066f4171-b7d6-4571-821b-f26dfc845d8b
INFO:root:[GS01] [0] 2026/03/30 19:13:00 Starting game: 066f4171-b7d6-4571-821b-f26dfc845d8b
INFO:root:[GS01] [0] 2026/03/30 19:13:04 Broadcasting snapshot for game: 066f4171-b7d6-4571-821b-f26dfc845d8b
INFO:root:[Name Server] 2026/03/30 19:13:04 GET /game-servers - [{"id":0,"url":"http://localhost:3001"},{"id":1,"url":"http://localhost:3000"}]
INFO:root:[GS01] [0] 2026/03/30 19:13:04 Refreshed the list of other Game Servers
INFO:root:[GS00] [1] 2026/03/30 19:13:04 Received broadcast
INFO:root:[GS01] [0] 2026/03/30 19:13:04     1: http://localhost:3000
INFO:root:[GS00] [1] 2026/03/30 19:13:04 Received snapshot for game 066f4171-b7d6-4571-821b-f26dfc845d8b
INFO:root:[GS01] [0] 2026/03/30 19:13:04 Sending request to: http://localhost:3000/internal
INFO:root:[GS00] [1] 2026/03/30 19:13:04 Updated game 066f4171-b7d6-4571-821b-f26dfc845d8b
INFO:root:[GS01] [0] 2026/03/30 19:13:04 Message Broadcast Successful
INFO:root:[GS01] [0] 2026/03/30 19:13:06 Broadcasting snapshot for game: 066f4171-b7d6-4571-821b-f26dfc845d8b
INFO:root:[Name Server] 2026/03/30 19:13:06 GET /game-servers - [{"id":0,"url":"http://localhost:3001"},{"id":1,"url":"http://localhost:3000"}]
INFO:root:[GS01] [0] 2026/03/30 19:13:06 Refreshed the list of other Game Servers
INFO:root:[GS00] [1] 2026/03/30 19:13:06 Received broadcast
INFO:root:[GS01] [0] 2026/03/30 19:13:06     1: http://localhost:3000
INFO:root:[GS00] [1] 2026/03/30 19:13:06 Received snapshot for game 066f4171-b7d6-4571-821b-f26dfc845d8b
INFO:root:[GS01] [0] 2026/03/30 19:13:06 Sending request to: http://localhost:3000/internal
INFO:root:[GS00] [1] 2026/03/30 19:13:06 Updated game 066f4171-b7d6-4571-821b-f26dfc845d8b
INFO:root:[GS01] [0] 2026/03/30 19:13:06 Message Broadcast Successful
INFO:root:[GS01] [0] 2026/03/30 19:13:08 Broadcasting snapshot for game: 066f4171-b7d6-4571-821b-f26dfc845d8b
INFO:root:[Name Server] 2026/03/30 19:13:08 GET /game-servers - [{"id":0,"url":"http://localhost:3001"},{"id":1,"url":"http://localhost:3000"}]
INFO:root:[GS01] [0] 2026/03/30 19:13:08 Refreshed the list of other Game Servers
INFO:root:[GS00] [1] 2026/03/30 19:13:08 Received broadcast
INFO:root:[GS01] [0] 2026/03/30 19:13:08     1: http://localhost:3000
INFO:root:[GS00] [1] 2026/03/30 19:13:08 Received snapshot for game 066f4171-b7d6-4571-821b-f26dfc845d8b
INFO:root:[GS01] [0] 2026/03/30 19:13:08 Sending request to: http://localhost:3000/internal
INFO:root:[GS00] [1] 2026/03/30 19:13:08 Updated game 066f4171-b7d6-4571-821b-f26dfc845d8b
INFO:root:[GS01] [0] 2026/03/30 19:13:08 Message Broadcast Successful
INFO:root:Killing game server "GS00"
DEBUG:root:[GS00] Terminated
INFO:root:Game server "GS00" killed
INFO:root:[Name Server] 2026/03/30 19:13:17 GET /game-servers - [{"id":0,"url":"http://localhost:3001"},{"id":1,"url":"http://localhost:3000"}]
INFO:root:[GS01] [0] 2026/03/30 19:13:17 Refreshed the list of other Game Servers
INFO:root:[GS01] [0] 2026/03/30 19:13:17     1: http://localhost:3000
INFO:root:Created gameserver with pid: "GS02"
INFO:root:[GS02] 2026/03/30 19:13:35 Using name server located at http://localhost:9000
INFO:root:[GS02] 2026/03/30 19:13:35 Game Server running on http://localhost:3002
INFO:root:[Name Server] 2026/03/30 19:13:35 POST /register/game-server - http://localhost:3002
INFO:root:[GS02] 2026/03/30 19:13:35 Registered with ID: 2
INFO:root:[Name Server] 2026/03/30 19:13:35 GET /game-servers - [{"id":0,"url":"http://localhost:3001"},{"id":1,"url":"http://localhost:3000"},{"id":2,"url":"http://localhost:3002"}]
INFO:root:[GS02] [2] 2026/03/30 19:13:35 Refreshed the list of other Game Servers
INFO:root:[GS02] [2] 2026/03/30 19:13:35     0: http://localhost:3001
INFO:root:[GS02] [2] 2026/03/30 19:13:35     1: http://localhost:3000
INFO:root:[Name Server] 2026/03/30 19:13:37 GET /game-servers - [{"id":0,"url":"http://localhost:3001"},{"id":1,"url":"http://localhost:3000"},{"id":2,"url":"http://localhost:3002"}]
INFO:root:[GS01] [0] 2026/03/30 19:13:37 Refreshed the list of other Game Servers
INFO:root:[GS01] [0] 2026/03/30 19:13:37     1: http://localhost:3000
INFO:root:[GS01] [0] 2026/03/30 19:13:37     2: http://localhost:3002
INFO:root:[GS01] [0] 2026/03/30 19:13:39 Broadcasting snapshot for game: 066f4171-b7d6-4571-821b-f26dfc845d8b
INFO:root:[Name Server] 2026/03/30 19:13:39 GET /game-servers - [{"id":0,"url":"http://localhost:3001"},{"id":1,"url":"http://localhost:3000"},{"id":2,"url":"http://localhost:3002"}]
INFO:root:[GS01] [0] 2026/03/30 19:13:39 Refreshed the list of other Game Servers
INFO:root:[GS01] [0] 2026/03/30 19:13:39     1: http://localhost:3000
INFO:root:[GS01] [0] 2026/03/30 19:13:39     2: http://localhost:3002
INFO:root:[GS01] [0] 2026/03/30 19:13:39 Sending request to: http://localhost:3000/internal
INFO:root:Killing game server "GS01"
INFO:root:[MM00] [0] 2026/03/30 19:13:43 Handling request locally for endpoint: /match/request-new-game-server
INFO:root:[MM00] [0] 2026/03/30 19:13:43 Handling request locally for endpoint: /match/request-new-game-server
DEBUG:root:[GS01] Terminated
INFO:root:Game server "GS01" killed
INFO:root:[MM00] [0] 2026/03/30 19:13:43 Deregistering Game Server 0
INFO:root:[Name Server] 2026/03/30 19:13:43 POST /deregister/game-server - 0
INFO:root:[MM00] [0] 2026/03/30 19:13:43 Finding a replacement Game Server for match 066f4171-b7d6-4571-821b-f26dfc845d8b
INFO:root:[Name Server] 2026/03/30 19:13:43 GET /game-servers - [{"id":1,"url":"http://localhost:3000"},{"id":2,"url":"http://localhost:3002"}]
INFO:root:[MM00] [0] 2026/03/30 19:13:43 Failed to send match to game server [1] http://localhost:3000: Post "http://localhost:3000/takeover": dial tcp [::1]:3000: connectex: No connection could be made because the target machine actively refused it.
INFO:root:[MM00] [0] 2026/03/30 19:13:43 Handling request locally for endpoint: /queue/poll
INFO:root:[MM00] [0] 2026/03/30 19:13:43 User "User 2" has been matched, sending game server [1] http://localhost:3000
INFO:root:[MM00] [0] 2026/03/30 19:13:43 Handling request locally for endpoint: /queue/poll
INFO:root:[MM00] [0] 2026/03/30 19:13:43 User "User 1" has been matched, sending game server [1] http://localhost:3000
INFO:root:[MM00] [0] 2026/03/30 19:13:46 Handling request locally for endpoint: /match/request-new-game-server
INFO:root:[MM00] [0] 2026/03/30 19:13:46 Deregistering Game Server 1
INFO:root:[Name Server] 2026/03/30 19:13:46 POST /deregister/game-server - 1
INFO:root:[MM00] [0] 2026/03/30 19:13:46 Finding a replacement Game Server for match 066f4171-b7d6-4571-821b-f26dfc845d8b
INFO:root:[Name Server] 2026/03/30 19:13:46 GET /game-servers - [{"id":2,"url":"http://localhost:3002"}]
INFO:root:[GS02] [2] 2026/03/30 19:13:46 Taking over game: 066f4171-b7d6-4571-821b-f26dfc845d8b
INFO:root:[MM00] [0] 2026/03/30 19:13:46 Match 066f4171-b7d6-4571-821b-f26dfc845d8b moved to Game Server [2] http://localhost:3002
INFO:root:[MM00] [0] 2026/03/30 19:13:46 Handling request locally for endpoint: /queue/poll
INFO:root:[MM00] [0] 2026/03/30 19:13:46 User "User 2" has been matched, sending game server [2] http://localhost:3002
INFO:root:[GS02] [2] 2026/03/30 19:13:46 Client "User 2" connected
INFO:root:[GS02] [2] 2026/03/30 19:13:46 Player User 2 is not in a pending game
INFO:root:[MM00] [0] 2026/03/30 19:13:48 Handling request locally for endpoint: /match/request-new-game-server
INFO:root:[MM00] [0] 2026/03/30 19:13:48 Handling request locally for endpoint: /queue/poll
INFO:root:[MM00] [0] 2026/03/30 19:13:48 User "User 1" has been matched, sending game server [2] http://localhost:3002
INFO:root:[GS02] [2] 2026/03/30 19:13:48 Client "User 1" connected
INFO:root:[GS02] [2] 2026/03/30 19:13:48 Player User 1 is not in a pending game
INFO:root:[Name Server] 2026/03/30 19:13:55 GET /game-servers - [{"id":2,"url":"http://localhost:3002"}]
INFO:root:[GS02] [2] 2026/03/30 19:13:55 Refreshed the list of other Game Servers
INFO:root:[Name Server] 2026/03/30 19:14:15 GET /game-servers - [{"id":2,"url":"http://localhost:3002"}]
INFO:root:[GS02] [2] 2026/03/30 19:14:15 Refreshed the list of other Game Servers
INFO:root:[Name Server] 2026/03/30 19:14:35 GET /game-servers - [{"id":2,"url":"http://localhost:3002"}]
INFO:root:[GS02] [2] 2026/03/30 19:14:35 Refreshed the list of other Game Servers
INFO:root:[Name Server] 2026/03/30 19:14:55 GET /game-servers - [{"id":2,"url":"http://localhost:3002"}]
INFO:root:[GS02] [2] 2026/03/30 19:14:55 Refreshed the list of other Game Servers
INFO:root:[Name Server] 2026/03/30 19:15:15 GET /game-servers - [{"id":2,"url":"http://localhost:3002"}]
INFO:root:[GS02] [2] 2026/03/30 19:15:15 Refreshed the list of other Game Servers
INFO:root:[Name Server] 2026/03/30 19:15:35 GET /game-servers - [{"id":2,"url":"http://localhost:3002"}]
INFO:root:[GS02] [2] 2026/03/30 19:15:35 Refreshed the list of other Game Servers
INFO:root:[Name Server] 2026/03/30 19:15:55 GET /game-servers - [{"id":2,"url":"http://localhost:3002"}]
INFO:root:[GS02] [2] 2026/03/30 19:15:55 Refreshed the list of other Game Servers
INFO:root:[Name Server] 2026/03/30 19:16:15 GET /game-servers - [{"id":2,"url":"http://localhost:3002"}]
INFO:root:[GS02] [2] 2026/03/30 19:16:15 Refreshed the list of other Game Servers
INFO:root:[Name Server] exit status 0xc000013a
DEBUG:root:[Name Server] Terminated
INFO:root:[Front-end Server] ^CTerminate batch job (Y/N)?
DEBUG:root:[Front-end Server] Terminated
INFO:root:[MM00] exit status 0xc000013a
DEBUG:root:[MM00] Terminated
INFO:root:[GS02] exit status 0xc000013a
DEBUG:root:[GS02] Terminated
INFO:root:[Name Server] 2026/03/30 19:16:38 Name Server running on http://localhost:9000
INFO:root:[Front-end Server] 
INFO:root:[Front-end Server] > checkered@0.0.0 dev
INFO:root:[Front-end Server] > vite
INFO:root:[Front-end Server] 
INFO:root:[Name Server] 2026/03/30 19:16:38 Matchmakers:  0
INFO:root:[Name Server] 2026/03/30 19:16:38 GET /matchmakers - []
INFO:root:[Front-end Server] 
INFO:root:[Front-end Server]   [32m[1mVITE[22m v7.3.1[39m  [2mready in [0m[1m334[22m[2m[0m ms[22m
INFO:root:[Front-end Server] 
INFO:root:[Front-end Server]   [32m➜[39m  [1mLocal[22m:   [36mhttp://localhost:[1m5173[22m/[39m
INFO:root:[Front-end Server] [2m  [32m➜[39m  [1mNetwork[22m[2m: use [22m[1m--host[22m[2m to expose[22m
INFO:root:Created matchmaker with pid: "MM00"
INFO:root:Created gameserver with pid: "GS00"
INFO:root:Created gameserver with pid: "GS01"
INFO:root:[GS00] 2026/03/30 19:16:47 Using name server located at http://localhost:9000
INFO:root:[GS01] 2026/03/30 19:16:47 Using name server located at http://localhost:9000
INFO:root:[GS00] 2026/03/30 19:16:47 Game Server running on http://localhost:3000
INFO:root:[GS01] 2026/03/30 19:16:47 Game Server running on http://localhost:3001
INFO:root:[Name Server] 2026/03/30 19:16:47 POST /register/game-server - http://localhost:3001
INFO:root:[GS01] 2026/03/30 19:16:47 Registered with ID: 0
INFO:root:[GS00] 2026/03/30 19:16:47 Registered with ID: 1
INFO:root:[Name Server] 2026/03/30 19:16:47 POST /register/game-server - http://localhost:3000
INFO:root:[GS01] [0] 2026/03/30 19:16:47 Refreshed the list of other Game Servers
INFO:root:[GS00] [1] 2026/03/30 19:16:47 Refreshed the list of other Game Servers
INFO:root:[Name Server] 2026/03/30 19:16:47 GET /game-servers - [{"id":0,"url":"http://localhost:3001"},{"id":1,"url":"http://localhost:3000"}]
INFO:root:[GS01] [0] 2026/03/30 19:16:47     1: http://localhost:3000
INFO:root:[GS00] [1] 2026/03/30 19:16:47     0: http://localhost:3001
INFO:root:[Name Server] 2026/03/30 19:16:47 GET /game-servers - [{"id":0,"url":"http://localhost:3001"},{"id":1,"url":"http://localhost:3000"}]
INFO:root:[MM00] 2026/03/30 19:16:47 Using name server located at http://localhost:9000
INFO:root:[MM00] 2026/03/30 19:16:47 Matchmaker running on http://localhost:2000
INFO:root:[Name Server] 2026/03/30 19:16:47 POST /register/matchmaker - http://localhost:2000
INFO:root:[MM00] 2026/03/30 19:16:47 Registered with ID: 0
INFO:root:[MM00] [0] 2026/03/30 19:16:47 Initiating a leader election
INFO:root:[Name Server] 2026/03/30 19:16:47 Matchmakers:  1
INFO:root:[MM00] [0] 2026/03/30 19:16:47 Refreshed the list of other Matchmakers
INFO:root:[Name Server] 2026/03/30 19:16:47 GET /matchmakers - [{"id":0,"url":"http://localhost:2000"}]
INFO:root:[MM00] [0] 2026/03/30 19:16:47 Declaring itself leader as it has the highest ID: 0
INFO:root:[MM00] [0] 2026/03/30 19:16:47 Sending leader(0) messages
INFO:root:[Name Server] 2026/03/30 19:16:57 Matchmakers:  1
INFO:root:[Name Server] 2026/03/30 19:16:57 GET /matchmakers - [{"id":0,"url":"http://localhost:2000"}]
INFO:root:[MM00] [0] 2026/03/30 19:16:58 Handling request locally for endpoint: /queue/add
INFO:root:[MM00] [0] 2026/03/30 19:16:58 Adding "User 1" to queue
INFO:root:[MM00] [0] 2026/03/30 19:16:58 Handling request locally for endpoint: /queue/poll
INFO:root:[Name Server] 2026/03/30 19:16:58 Matchmakers:  1
INFO:root:[Name Server] 2026/03/30 19:16:58 GET /matchmakers - [{"id":0,"url":"http://localhost:2000"}]
INFO:root:[MM00] [0] 2026/03/30 19:16:58 Handling request locally for endpoint: /queue/add
INFO:root:[Name Server] 2026/03/30 19:16:58 GET /game-servers - [{"id":0,"url":"http://localhost:3001"},{"id":1,"url":"http://localhost:3000"}]
INFO:root:[MM00] [0] 2026/03/30 19:16:58 Adding "User 2" to queue
INFO:root:[MM00] [0] 2026/03/30 19:16:58 Picked game server: http://localhost:3001 (ID: 0)
INFO:root:[GS01] [0] 2026/03/30 19:16:58 Broadcasting snapshot for game: d6efae05-64c1-4028-9322-87a9630c42ae
INFO:root:[Name Server] 2026/03/30 19:16:58 GET /game-servers - [{"id":0,"url":"http://localhost:3001"},{"id":1,"url":"http://localhost:3000"}]
INFO:root:[GS01] [0] 2026/03/30 19:16:58 Refreshed the list of other Game Servers
INFO:root:[GS01] [0] 2026/03/30 19:16:58     1: http://localhost:3000
INFO:root:[GS01] [0] 2026/03/30 19:16:58 Sending request to: http://localhost:3000/internal
INFO:root:[GS00] [1] 2026/03/30 19:16:58 Received broadcast
INFO:root:[GS00] [1] 2026/03/30 19:16:58 Received snapshot for game d6efae05-64c1-4028-9322-87a9630c42ae
INFO:root:[GS01] [0] 2026/03/30 19:16:58 Message Broadcast Successful
INFO:root:[MM00] [0] 2026/03/30 19:16:58 Match created: User 1 (red) vs User 2 (black)
INFO:root:[GS00] [1] 2026/03/30 19:16:58 Created game d6efae05-64c1-4028-9322-87a9630c42ae
INFO:root:[GS01] [0] 2026/03/30 19:16:58 Created pending game: d6efae05-64c1-4028-9322-87a9630c42ae
INFO:root:[GS00] [1] 2026/03/30 19:16:58 Updated game d6efae05-64c1-4028-9322-87a9630c42ae
INFO:root:[MM00] [0] 2026/03/30 19:16:58 Handling request locally for endpoint: /queue/poll
INFO:root:[MM00] [0] 2026/03/30 19:16:58 User "User 2" has been matched, sending game server [0] http://localhost:3001
INFO:root:[GS01] [0] 2026/03/30 19:16:59 Client "User 2" connected
INFO:root:[GS01] [0] 2026/03/30 19:16:59 Game Identified d6efae05-64c1-4028-9322-87a9630c42ae
INFO:root:[GS01] [0] 2026/03/30 19:16:59 Waiting for opponent
INFO:root:[MM00] [0] 2026/03/30 19:17:00 Handling request locally for endpoint: /queue/poll
INFO:root:[MM00] [0] 2026/03/30 19:17:00 User "User 1" has been matched, sending game server [0] http://localhost:3001
INFO:root:[GS01] [0] 2026/03/30 19:17:00 Client "User 1" connected
INFO:root:[GS01] [0] 2026/03/30 19:17:00 Game Identified d6efae05-64c1-4028-9322-87a9630c42ae
INFO:root:[GS01] [0] 2026/03/30 19:17:00 Starting game: d6efae05-64c1-4028-9322-87a9630c42ae
INFO:root:[GS01] [0] 2026/03/30 19:17:01 Broadcasting snapshot for game: d6efae05-64c1-4028-9322-87a9630c42ae
INFO:root:[Name Server] 2026/03/30 19:17:01 GET /game-servers - [{"id":0,"url":"http://localhost:3001"},{"id":1,"url":"http://localhost:3000"}]
INFO:root:[GS01] [0] 2026/03/30 19:17:01 Refreshed the list of other Game Servers
INFO:root:[GS00] [1] 2026/03/30 19:17:01 Received broadcast
INFO:root:[GS01] [0] 2026/03/30 19:17:01     1: http://localhost:3000
INFO:root:[GS00] [1] 2026/03/30 19:17:01 Received snapshot for game d6efae05-64c1-4028-9322-87a9630c42ae
INFO:root:[GS00] [1] 2026/03/30 19:17:01 Updated game d6efae05-64c1-4028-9322-87a9630c42ae
INFO:root:[GS01] [0] 2026/03/30 19:17:01 Sending request to: http://localhost:3000/internal
INFO:root:[GS01] [0] 2026/03/30 19:17:01 Message Broadcast Successful
INFO:root:[GS01] [0] 2026/03/30 19:17:02 Broadcasting snapshot for game: d6efae05-64c1-4028-9322-87a9630c42ae
INFO:root:[Name Server] 2026/03/30 19:17:02 GET /game-servers - [{"id":0,"url":"http://localhost:3001"},{"id":1,"url":"http://localhost:3000"}]
INFO:root:[GS01] [0] 2026/03/30 19:17:02 Refreshed the list of other Game Servers
INFO:root:[GS00] [1] 2026/03/30 19:17:02 Received broadcast
INFO:root:[GS01] [0] 2026/03/30 19:17:02     1: http://localhost:3000
INFO:root:[GS00] [1] 2026/03/30 19:17:02 Received snapshot for game d6efae05-64c1-4028-9322-87a9630c42ae
INFO:root:[GS01] [0] 2026/03/30 19:17:02 Sending request to: http://localhost:3000/internal
INFO:root:[GS01] [0] 2026/03/30 19:17:02 Message Broadcast Successful
INFO:root:[GS00] [1] 2026/03/30 19:17:02 Updated game d6efae05-64c1-4028-9322-87a9630c42ae
INFO:root:[Name Server] 2026/03/30 19:17:07 GET /game-servers - [{"id":0,"url":"http://localhost:3001"},{"id":1,"url":"http://localhost:3000"}]
INFO:root:[GS01] [0] 2026/03/30 19:17:07 Refreshed the list of other Game Servers
INFO:root:[GS01] [0] 2026/03/30 19:17:07     1: http://localhost:3000
INFO:root:[Name Server] 2026/03/30 19:17:07 GET /game-servers - [{"id":0,"url":"http://localhost:3001"},{"id":1,"url":"http://localhost:3000"}]
INFO:root:[GS00] [1] 2026/03/30 19:17:07 Refreshed the list of other Game Servers
INFO:root:[GS00] [1] 2026/03/30 19:17:07     0: http://localhost:3001
INFO:root:[Name Server] 2026/03/30 19:17:27 GET /game-servers - [{"id":0,"url":"http://localhost:3001"},{"id":1,"url":"http://localhost:3000"}]
INFO:root:[GS01] [0] 2026/03/30 19:17:27 Refreshed the list of other Game Servers
INFO:root:[GS00] [1] 2026/03/30 19:17:27 Refreshed the list of other Game Servers
INFO:root:[Name Server] 2026/03/30 19:17:27 GET /game-servers - [{"id":0,"url":"http://localhost:3001"},{"id":1,"url":"http://localhost:3000"}]
INFO:root:[GS01] [0] 2026/03/30 19:17:27     1: http://localhost:3000
INFO:root:[GS00] [1] 2026/03/30 19:17:27     0: http://localhost:3001
INFO:root:Killing game server "GS00"
DEBUG:root:[GS00] Terminated
INFO:root:Game server "GS00" killed
INFO:root:[GS01] [0] 2026/03/30 19:17:43 Broadcasting snapshot for game: d6efae05-64c1-4028-9322-87a9630c42ae
INFO:root:[Name Server] 2026/03/30 19:17:43 GET /game-servers - [{"id":0,"url":"http://localhost:3001"},{"id":1,"url":"http://localhost:3000"}]
INFO:root:[GS01] [0] 2026/03/30 19:17:43 Refreshed the list of other Game Servers
INFO:root:[GS01] [0] 2026/03/30 19:17:43     1: http://localhost:3000
INFO:root:[GS01] [0] 2026/03/30 19:17:43 Sending request to: http://localhost:3000/internal
INFO:root:[Name Server] 2026/03/30 19:17:47 GET /game-servers - [{"id":0,"url":"http://localhost:3001"},{"id":1,"url":"http://localhost:3000"}]
INFO:root:[GS01] [0] 2026/03/30 19:17:47 Refreshed the list of other Game Servers
INFO:root:[GS01] [0] 2026/03/30 19:17:47     1: http://localhost:3000
INFO:root:[Name Server] exit status 0xc000013a
DEBUG:root:[Name Server] Terminated
INFO:root:[Front-end Server] ^CTerminate batch job (Y/N)?
DEBUG:root:[Front-end Server] Terminated
INFO:root:[MM00] exit status 0xc000013a
DEBUG:root:[MM00] Terminated
INFO:root:[GS01] exit status 0xc000013a
DEBUG:root:[GS01] Terminated
INFO:root:[Name Server] 2026/03/30 19:18:07 Name Server running on http://localhost:9000
INFO:root:[Front-end Server] 
INFO:root:[Front-end Server] > checkered@0.0.0 dev
INFO:root:[Front-end Server] > vite
INFO:root:[Front-end Server] 
INFO:root:[Front-end Server] 
INFO:root:[Front-end Server]   [32m[1mVITE[22m v7.3.1[39m  [2mready in [0m[1m287[22m[2m[0m ms[22m
INFO:root:[Front-end Server] 
INFO:root:[Front-end Server]   [32m➜[39m  [1mLocal[22m:   [36mhttp://localhost:[1m5173[22m/[39m
INFO:root:[Front-end Server] [2m  [32m➜[39m  [1mNetwork[22m[2m: use [22m[1m--host[22m[2m to expose[22m
INFO:root:Created matchmaker with pid: "MM00"
INFO:root:Created gameserver with pid: "GS00"
INFO:root:[GS00] 2026/03/30 19:18:11 Using name server located at http://localhost:9000
INFO:root:[MM00] 2026/03/30 19:18:11 Using name server located at http://localhost:9000
INFO:root:[GS00] 2026/03/30 19:18:11 Game Server running on http://localhost:3000
INFO:root:[MM00] 2026/03/30 19:18:11 Matchmaker running on http://localhost:2000
INFO:root:[Name Server] 2026/03/30 19:18:11 POST /register/matchmaker - http://localhost:2000
INFO:root:[MM00] 2026/03/30 19:18:11 Registered with ID: 0
INFO:root:[Name Server] 2026/03/30 19:18:11 POST /register/game-server - http://localhost:3000
INFO:root:[GS00] 2026/03/30 19:18:11 Registered with ID: 0
INFO:root:[MM00] [0] 2026/03/30 19:18:11 Initiating a leader election
INFO:root:[Name Server] 2026/03/30 19:18:11 Matchmakers:  1
INFO:root:[GS00] [0] 2026/03/30 19:18:11 Refreshed the list of other Game Servers
INFO:root:[MM00] [0] 2026/03/30 19:18:11 Refreshed the list of other Matchmakers
INFO:root:[Name Server] 2026/03/30 19:18:11 GET /game-servers - [{"id":0,"url":"http://localhost:3000"}]
INFO:root:[MM00] [0] 2026/03/30 19:18:11 Declaring itself leader as it has the highest ID: 0
INFO:root:[Name Server] 2026/03/30 19:18:11 GET /matchmakers - [{"id":0,"url":"http://localhost:2000"}]
INFO:root:[MM00] [0] 2026/03/30 19:18:11 Sending leader(0) messages
INFO:root:[Name Server] 2026/03/30 19:18:18 Matchmakers:  1
INFO:root:[Name Server] 2026/03/30 19:18:18 GET /matchmakers - [{"id":0,"url":"http://localhost:2000"}]
INFO:root:[MM00] [0] 2026/03/30 19:18:18 Handling request locally for endpoint: /queue/add
INFO:root:[MM00] [0] 2026/03/30 19:18:18 Adding "User 1" to queue
INFO:root:[MM00] [0] 2026/03/30 19:18:18 Handling request locally for endpoint: /queue/poll
INFO:root:[Name Server] 2026/03/30 19:18:19 Matchmakers:  1
INFO:root:[Name Server] 2026/03/30 19:18:19 GET /matchmakers - [{"id":0,"url":"http://localhost:2000"}]
INFO:root:[MM00] [0] 2026/03/30 19:18:19 Handling request locally for endpoint: /queue/add
INFO:root:[Name Server] 2026/03/30 19:18:19 GET /game-servers - [{"id":0,"url":"http://localhost:3000"}]
INFO:root:[MM00] [0] 2026/03/30 19:18:19 Adding "User 2" to queue
INFO:root:[MM00] [0] 2026/03/30 19:18:19 Picked game server: http://localhost:3000 (ID: 0)
INFO:root:[GS00] [0] 2026/03/30 19:18:19 Broadcasting snapshot for game: 122d37ff-face-49a7-a500-364777b3f097
INFO:root:[Name Server] 2026/03/30 19:18:19 GET /game-servers - [{"id":0,"url":"http://localhost:3000"}]
INFO:root:[GS00] [0] 2026/03/30 19:18:19 Refreshed the list of other Game Servers
INFO:root:[MM00] [0] 2026/03/30 19:18:19 Match created: User 1 (red) vs User 2 (black)
INFO:root:[GS00] [0] 2026/03/30 19:18:19 Message Broadcast Successful
INFO:root:[GS00] [0] 2026/03/30 19:18:19 Created pending game: 122d37ff-face-49a7-a500-364777b3f097
INFO:root:[MM00] [0] 2026/03/30 19:18:19 Handling request locally for endpoint: /queue/poll
INFO:root:[MM00] [0] 2026/03/30 19:18:19 User "User 2" has been matched, sending game server [0] http://localhost:3000
INFO:root:[GS00] [0] 2026/03/30 19:18:19 Client "User 2" connected
INFO:root:[GS00] [0] 2026/03/30 19:18:19 Game Identified 122d37ff-face-49a7-a500-364777b3f097
INFO:root:[GS00] [0] 2026/03/30 19:18:19 Waiting for opponent
INFO:root:[MM00] [0] 2026/03/30 19:18:20 Handling request locally for endpoint: /queue/poll
INFO:root:[MM00] [0] 2026/03/30 19:18:20 User "User 1" has been matched, sending game server [0] http://localhost:3000
INFO:root:[GS00] [0] 2026/03/30 19:18:21 Client "User 1" connected
INFO:root:[GS00] [0] 2026/03/30 19:18:21 Game Identified 122d37ff-face-49a7-a500-364777b3f097
INFO:root:[GS00] [0] 2026/03/30 19:18:21 Starting game: 122d37ff-face-49a7-a500-364777b3f097
INFO:root:Created gameserver with pid: "GS01"
INFO:root:[GS01] 2026/03/30 19:18:24 Using name server located at http://localhost:9000
INFO:root:[GS01] 2026/03/30 19:18:24 Game Server running on http://localhost:3001
INFO:root:[Name Server] 2026/03/30 19:18:24 POST /register/game-server - http://localhost:3001
INFO:root:[GS01] 2026/03/30 19:18:24 Registered with ID: 1
INFO:root:[Name Server] 2026/03/30 19:18:24 GET /game-servers - [{"id":0,"url":"http://localhost:3000"},{"id":1,"url":"http://localhost:3001"}]
INFO:root:[GS01] [1] 2026/03/30 19:18:24 Refreshed the list of other Game Servers
INFO:root:[GS01] [1] 2026/03/30 19:18:24     0: http://localhost:3000
INFO:root:[GS00] [0] 2026/03/30 19:18:27 Broadcasting snapshot for game: 122d37ff-face-49a7-a500-364777b3f097
INFO:root:[Name Server] 2026/03/30 19:18:27 GET /game-servers - [{"id":0,"url":"http://localhost:3000"},{"id":1,"url":"http://localhost:3001"}]
INFO:root:[GS00] [0] 2026/03/30 19:18:27 Refreshed the list of other Game Servers
INFO:root:[GS00] [0] 2026/03/30 19:18:27     1: http://localhost:3001
INFO:root:[GS00] [0] 2026/03/30 19:18:27 Sending request to: http://localhost:3001/internal
INFO:root:[GS01] [1] 2026/03/30 19:18:27 Received broadcast
INFO:root:[GS00] [0] 2026/03/30 19:18:27 Message Broadcast Successful
INFO:root:[GS01] [1] 2026/03/30 19:18:27 Received snapshot for game 122d37ff-face-49a7-a500-364777b3f097
INFO:root:[GS01] [1] 2026/03/30 19:18:27 Created game 122d37ff-face-49a7-a500-364777b3f097
INFO:root:[GS01] [1] 2026/03/30 19:18:27 Updated game 122d37ff-face-49a7-a500-364777b3f097
INFO:root:[GS00] [0] 2026/03/30 19:18:30 Broadcasting snapshot for game: 122d37ff-face-49a7-a500-364777b3f097
INFO:root:[Name Server] 2026/03/30 19:18:30 GET /game-servers - [{"id":0,"url":"http://localhost:3000"},{"id":1,"url":"http://localhost:3001"}]
INFO:root:[GS00] [0] 2026/03/30 19:18:30 Refreshed the list of other Game Servers
INFO:root:[GS01] [1] 2026/03/30 19:18:30 Received broadcast
INFO:root:[GS00] [0] 2026/03/30 19:18:30     1: http://localhost:3001
INFO:root:[GS01] [1] 2026/03/30 19:18:30 Received snapshot for game 122d37ff-face-49a7-a500-364777b3f097
INFO:root:[GS00] [0] 2026/03/30 19:18:30 Sending request to: http://localhost:3001/internal
INFO:root:[GS00] [0] 2026/03/30 19:18:30 Message Broadcast Successful
INFO:root:[GS01] [1] 2026/03/30 19:18:30 Updated game 122d37ff-face-49a7-a500-364777b3f097
INFO:root:[Name Server] 2026/03/30 19:18:31 GET /game-servers - [{"id":0,"url":"http://localhost:3000"},{"id":1,"url":"http://localhost:3001"}]
INFO:root:[GS00] [0] 2026/03/30 19:18:31 Refreshed the list of other Game Servers
INFO:root:[GS00] [0] 2026/03/30 19:18:31     1: http://localhost:3001
INFO:root:[GS00] [0] 2026/03/30 19:18:32 Broadcasting snapshot for game: 122d37ff-face-49a7-a500-364777b3f097
INFO:root:[Name Server] 2026/03/30 19:18:32 GET /game-servers - [{"id":0,"url":"http://localhost:3000"},{"id":1,"url":"http://localhost:3001"}]
INFO:root:[GS00] [0] 2026/03/30 19:18:32 Refreshed the list of other Game Servers
INFO:root:[GS01] [1] 2026/03/30 19:18:32 Received broadcast
INFO:root:[GS00] [0] 2026/03/30 19:18:32     1: http://localhost:3001
INFO:root:[GS01] [1] 2026/03/30 19:18:32 Received snapshot for game 122d37ff-face-49a7-a500-364777b3f097
INFO:root:[GS00] [0] 2026/03/30 19:18:32 Sending request to: http://localhost:3001/internal
INFO:root:[GS01] [1] 2026/03/30 19:18:32 Updated game 122d37ff-face-49a7-a500-364777b3f097
INFO:root:[GS00] [0] 2026/03/30 19:18:32 Message Broadcast Successful
INFO:root:Killing game server "GS00"
INFO:root:[MM00] [0] 2026/03/30 19:18:36 Handling request locally for endpoint: /match/request-new-game-server
INFO:root:[MM00] [0] 2026/03/30 19:18:36 Handling request locally for endpoint: /match/request-new-game-server
DEBUG:root:[GS00] Terminated
INFO:root:Game server "GS00" killed
INFO:root:[MM00] [0] 2026/03/30 19:18:36 Deregistering Game Server 0
INFO:root:[Name Server] 2026/03/30 19:18:36 POST /deregister/game-server - 0
INFO:root:[MM00] [0] 2026/03/30 19:18:36 Finding a replacement Game Server for match 122d37ff-face-49a7-a500-364777b3f097
INFO:root:[Name Server] 2026/03/30 19:18:36 GET /game-servers - [{"id":1,"url":"http://localhost:3001"}]
INFO:root:[GS01] [1] 2026/03/30 19:18:36 Taking over game: 122d37ff-face-49a7-a500-364777b3f097
INFO:root:[Name Server] 2026/03/30 19:18:36 GET /game-servers - [{"id":1,"url":"http://localhost:3001"}]
INFO:root:[GS01] [1] 2026/03/30 19:18:36 Broadcasting snapshot for game: 122d37ff-face-49a7-a500-364777b3f097
INFO:root:[MM00] [0] 2026/03/30 19:18:36 Match 122d37ff-face-49a7-a500-364777b3f097 moved to Game Server [1] http://localhost:3001
INFO:root:[GS01] [1] 2026/03/30 19:18:36 Refreshed the list of other Game Servers
INFO:root:[GS01] [1] 2026/03/30 19:18:36 Message Broadcast Successful
INFO:root:[MM00] [0] 2026/03/30 19:18:36 Handling request locally for endpoint: /queue/poll
INFO:root:[MM00] [0] 2026/03/30 19:18:36 User "User 2" has been matched, sending game server [1] http://localhost:3001
INFO:root:[MM00] [0] 2026/03/30 19:18:36 Handling request locally for endpoint: /queue/poll
INFO:root:[MM00] [0] 2026/03/30 19:18:36 User "User 1" has been matched, sending game server [1] http://localhost:3001
INFO:root:[GS01] [1] 2026/03/30 19:18:37 Client "User 2" connected
INFO:root:[GS01] [1] 2026/03/30 19:18:37 Game Identified 122d37ff-face-49a7-a500-364777b3f097
INFO:root:[GS01] [1] 2026/03/30 19:18:37 Waiting for opponent
INFO:root:[GS01] [1] 2026/03/30 19:18:37 Client "User 1" connected
INFO:root:[GS01] [1] 2026/03/30 19:18:37 Game Identified 122d37ff-face-49a7-a500-364777b3f097
INFO:root:[GS01] [1] 2026/03/30 19:18:37 Starting game: 122d37ff-face-49a7-a500-364777b3f097
INFO:root:[GS01] [1] 2026/03/30 19:18:43 Sending game result to matchmaker: (game=122d37ff-face-49a7-a500-364777b3f097, winner=User 2, loser=User 1)
INFO:root:[GS01] [1] 2026/03/30 19:18:43 User User 2 disconnected
INFO:root:[Name Server] 2026/03/30 19:18:44 GET /game-servers - [{"id":1,"url":"http://localhost:3001"}]
INFO:root:[GS01] [1] 2026/03/30 19:18:44 Refreshed the list of other Game Servers
INFO:root:[Name Server] 2026/03/30 19:19:04 GET /game-servers - [{"id":1,"url":"http://localhost:3001"}]
INFO:root:[GS01] [1] 2026/03/30 19:19:04 Refreshed the list of other Game Servers
INFO:root:[Name Server] 2026/03/30 19:19:24 GET /game-servers - [{"id":1,"url":"http://localhost:3001"}]
INFO:root:[GS01] [1] 2026/03/30 19:19:24 Refreshed the list of other Game Servers
INFO:root:[MM00] [0] 2026/03/30 19:19:43 Handling request locally for endpoint: /match/request-new-game-server
INFO:root:[MM00] [0] 2026/03/30 19:19:43 Handling request locally for endpoint: /queue/poll
INFO:root:[MM00] [0] 2026/03/30 19:19:43 User "User 1" has been matched, sending game server [1] http://localhost:3001
INFO:root:[GS01] [1] 2026/03/30 19:19:43 Client "User 1" connected
INFO:root:[Name Server] 2026/03/30 19:19:44 GET /game-servers - [{"id":1,"url":"http://localhost:3001"}]
INFO:root:[GS01] [1] 2026/03/30 19:19:44 Refreshed the list of other Game Servers
INFO:root:[Name Server] 2026/03/30 19:20:04 GET /game-servers - [{"id":1,"url":"http://localhost:3001"}]
INFO:root:[GS01] [1] 2026/03/30 19:20:04 Refreshed the list of other Game Servers
INFO:root:[Name Server] exit status 0xc000013a
DEBUG:root:[Name Server] Terminated
INFO:root:[Front-end Server] ^CTerminate batch job (Y/N)?
DEBUG:root:[Front-end Server] Terminated
INFO:root:[MM00] exit status 0xc000013a
DEBUG:root:[MM00] Terminated
INFO:root:[GS01] exit status 0xc000013a
DEBUG:root:[GS01] Terminated
INFO:root:[Name Server] 2026/03/30 19:20:11 Name Server running on http://localhost:9000
INFO:root:[Front-end Server] 
INFO:root:[Front-end Server] > checkered@0.0.0 dev
INFO:root:[Front-end Server] > vite
INFO:root:[Front-end Server] 
INFO:root:[Front-end Server] 
INFO:root:[Front-end Server]   [32m[1mVITE[22m v7.3.1[39m  [2mready in [0m[1m290[22m[2m[0m ms[22m
INFO:root:[Front-end Server] 
INFO:root:[Front-end Server]   [32m➜[39m  [1mLocal[22m:   [36mhttp://localhost:[1m5173[22m/[39m
INFO:root:[Front-end Server] [2m  [32m➜[39m  [1mNetwork[22m[2m: use [22m[1m--host[22m[2m to expose[22m
INFO:root:Created matchmaker with pid: "MM00"
INFO:root:Created gameserver with pid: "GS00"
INFO:root:[GS00] 2026/03/30 19:20:17 Using name server located at http://localhost:9000
INFO:root:[GS00] 2026/03/30 19:20:17 Game Server running on http://localhost:3000
INFO:root:[Name Server] 2026/03/30 19:20:17 POST /register/game-server - http://localhost:3000
INFO:root:[GS00] 2026/03/30 19:20:17 Registered with ID: 0
INFO:root:[Name Server] 2026/03/30 19:20:17 GET /game-servers - [{"id":0,"url":"http://localhost:3000"}]
INFO:root:[GS00] [0] 2026/03/30 19:20:17 Refreshed the list of other Game Servers
INFO:root:[MM00] 2026/03/30 19:20:17 Using name server located at http://localhost:9000
INFO:root:[MM00] 2026/03/30 19:20:17 Matchmaker running on http://localhost:2000
INFO:root:[Name Server] 2026/03/30 19:20:17 POST /register/matchmaker - http://localhost:2000
INFO:root:[MM00] 2026/03/30 19:20:17 Registered with ID: 0
INFO:root:[MM00] [0] 2026/03/30 19:20:17 Initiating a leader election
INFO:root:[Name Server] 2026/03/30 19:20:17 Matchmakers:  1
INFO:root:[MM00] [0] 2026/03/30 19:20:17 Refreshed the list of other Matchmakers
INFO:root:[Name Server] 2026/03/30 19:20:17 GET /matchmakers - [{"id":0,"url":"http://localhost:2000"}]
INFO:root:[MM00] [0] 2026/03/30 19:20:17 Declaring itself leader as it has the highest ID: 0
INFO:root:[MM00] [0] 2026/03/30 19:20:17 Sending leader(0) messages
INFO:root:[Name Server] 2026/03/30 19:20:22 Matchmakers:  1
INFO:root:[Name Server] 2026/03/30 19:20:22 GET /matchmakers - [{"id":0,"url":"http://localhost:2000"}]
INFO:root:[MM00] [0] 2026/03/30 19:20:22 Handling request locally for endpoint: /queue/add
INFO:root:[MM00] [0] 2026/03/30 19:20:22 Adding "User 1" to queue
INFO:root:[MM00] [0] 2026/03/30 19:20:22 Handling request locally for endpoint: /queue/poll
INFO:root:[Name Server] 2026/03/30 19:20:23 Matchmakers:  1
INFO:root:[Name Server] 2026/03/30 19:20:23 GET /matchmakers - [{"id":0,"url":"http://localhost:2000"}]
INFO:root:[MM00] [0] 2026/03/30 19:20:23 Handling request locally for endpoint: /queue/add
INFO:root:[Name Server] 2026/03/30 19:20:23 GET /game-servers - [{"id":0,"url":"http://localhost:3000"}]
INFO:root:[MM00] [0] 2026/03/30 19:20:23 Adding "User 2" to queue
INFO:root:[MM00] [0] 2026/03/30 19:20:23 Picked game server: http://localhost:3000 (ID: 0)
INFO:root:[GS00] [0] 2026/03/30 19:20:23 Broadcasting snapshot for game: b4bed47b-d88b-42aa-b4f1-b61d4cf6f2d0
INFO:root:[Name Server] 2026/03/30 19:20:23 GET /game-servers - [{"id":0,"url":"http://localhost:3000"}]
INFO:root:[GS00] [0] 2026/03/30 19:20:23 Refreshed the list of other Game Servers
INFO:root:[MM00] [0] 2026/03/30 19:20:23 Match created: User 1 (red) vs User 2 (black)
INFO:root:[GS00] [0] 2026/03/30 19:20:23 Message Broadcast Successful
INFO:root:[GS00] [0] 2026/03/30 19:20:23 Created pending game: b4bed47b-d88b-42aa-b4f1-b61d4cf6f2d0
INFO:root:[MM00] [0] 2026/03/30 19:20:23 Handling request locally for endpoint: /queue/poll
INFO:root:[MM00] [0] 2026/03/30 19:20:23 User "User 2" has been matched, sending game server [0] http://localhost:3000
INFO:root:[GS00] [0] 2026/03/30 19:20:23 Client "User 2" connected
INFO:root:[GS00] [0] 2026/03/30 19:20:23 Game Identified b4bed47b-d88b-42aa-b4f1-b61d4cf6f2d0
INFO:root:[GS00] [0] 2026/03/30 19:20:23 Waiting for opponent
INFO:root:[MM00] [0] 2026/03/30 19:20:24 Handling request locally for endpoint: /queue/poll
INFO:root:[MM00] [0] 2026/03/30 19:20:24 User "User 1" has been matched, sending game server [0] http://localhost:3000
INFO:root:[GS00] [0] 2026/03/30 19:20:25 Client "User 1" connected
INFO:root:[GS00] [0] 2026/03/30 19:20:25 Game Identified b4bed47b-d88b-42aa-b4f1-b61d4cf6f2d0
INFO:root:[GS00] [0] 2026/03/30 19:20:25 Starting game: b4bed47b-d88b-42aa-b4f1-b61d4cf6f2d0
INFO:root:[GS00] [0] 2026/03/30 19:20:27 Sending game result to matchmaker: (game=b4bed47b-d88b-42aa-b4f1-b61d4cf6f2d0, winner=User 2, loser=User 1)
INFO:root:[Name Server] 2026/03/30 19:20:27 GET /game-servers - [{"id":0,"url":"http://localhost:3000"}]
INFO:root:[GS00] [0] 2026/03/30 19:20:27 Handling game result (game=b4bed47b-d88b-42aa-b4f1-b61d4cf6f2d0)
INFO:root:[GS00] [0] 2026/03/30 19:20:27 Broadcasting snapshot for game: b4bed47b-d88b-42aa-b4f1-b61d4cf6f2d0
INFO:root:[GS00] [0] 2026/03/30 19:20:27 User User 1 disconnected
INFO:root:[GS00] [0] 2026/03/30 19:20:27 Sending game result to matchmaker: (game=b4bed47b-d88b-42aa-b4f1-b61d4cf6f2d0, winner=User 2, loser=User 1)
INFO:root:[GS00] [0] 2026/03/30 19:20:27 User User 1 disconnected
INFO:root:[Name Server] 2026/03/30 19:20:27 Matchmakers:  1
INFO:root:[GS00] [0] 2026/03/30 19:20:27 Refreshed the list of other Game Servers
INFO:root:[Name Server] 2026/03/30 19:20:27 GET /matchmakers - [{"id":0,"url":"http://localhost:2000"}]
INFO:root:[GS00] [0] 2026/03/30 19:20:27 Message Broadcast Successful
INFO:root:[GS00] [0] 2026/03/30 19:20:27 User User 2 disconnected
INFO:root:[GS00] [0] 2026/03/30 19:20:27 Selected match making server: http://localhost:2000 (ID: 0)
INFO:root:[MM00] [0] 2026/03/30 19:20:27 Handling request locally for endpoint: /match/updateleaderboard
INFO:root:[GS00] [0] 2026/03/30 19:20:27 Leaderboard updated!
INFO:root:[MM00] [0] 2026/03/30 19:20:27 Updating leaderboard (game=b4bed47b-d88b-42aa-b4f1-b61d4cf6f2d0, winner=%!s(*string=0x1d0c072a0620), loser=%!s(*string=0x1d0c072a0630))
INFO:root:[MM00] [0] 2026/03/30 19:20:27 Game Result: (game=b4bed47b-d88b-42aa-b4f1-b61d4cf6f2d0, winner=User 2, loser=User 1)
INFO:root:[GS00] [0] 2026/03/30 19:20:27 Handling game result (game=b4bed47b-d88b-42aa-b4f1-b61d4cf6f2d0)
INFO:root:[MM00] [0] 2026/03/30 19:20:27 New score: User 2 = w1/l0
INFO:root:[GS00] [0] 2026/03/30 19:20:27 Game b4bed47b-d88b-42aa-b4f1-b61d4cf6f2d0 does not exist
INFO:root:[MM00] [0] 2026/03/30 19:20:27 New score: User 1 = w0/l1
INFO:root:[GS00] [0] 2026/03/30 19:20:27 Attempted unregister
INFO:root:[MM00] [0] 2026/03/30 19:20:27 Handling request locally for endpoint: /match/end
INFO:root:[GS00] [0] 2026/03/30 19:20:27 User User 2 disconnected
INFO:root:[MM00] [0] 2026/03/30 19:20:27 Match b4bed47b-d88b-42aa-b4f1-b61d4cf6f2d0 ended and removed
INFO:root:[MM00] [0] 2026/03/30 19:20:29 Handling request locally for endpoint: /leaderboard
INFO:root:[MM00] [0] 2026/03/30 19:20:29 Handling request locally for endpoint: /leaderboard
INFO:root:[Name Server] 2026/03/30 19:20:37 GET /game-servers - [{"id":0,"url":"http://localhost:3000"}]
INFO:root:[GS00] [0] 2026/03/30 19:20:37 Refreshed the list of other Game Servers
INFO:root:[MM00] [0] 2026/03/30 19:20:38 Handling request locally for endpoint: /queue/add
INFO:root:[MM00] [0] 2026/03/30 19:20:38 Adding "User 1" to queue
INFO:root:[MM00] [0] 2026/03/30 19:20:38 Handling request locally for endpoint: /queue/poll
INFO:root:[MM00] [0] 2026/03/30 19:20:40 Handling request locally for endpoint: /queue/add
INFO:root:[MM00] [0] 2026/03/30 19:20:40 Adding "User 2" to queue
INFO:root:[Name Server] 2026/03/30 19:20:40 GET /game-servers - [{"id":0,"url":"http://localhost:3000"}]
INFO:root:[MM00] [0] 2026/03/30 19:20:40 Picked game server: http://localhost:3000 (ID: 0)
INFO:root:[GS00] [0] 2026/03/30 19:20:40 Broadcasting snapshot for game: 2f936d96-d65f-448a-9be1-6c89d28dd1a8
INFO:root:[Name Server] 2026/03/30 19:20:40 GET /game-servers - [{"id":0,"url":"http://localhost:3000"}]
INFO:root:[GS00] [0] 2026/03/30 19:20:40 Refreshed the list of other Game Servers
INFO:root:[GS00] [0] 2026/03/30 19:20:40 Message Broadcast Successful
INFO:root:[MM00] [0] 2026/03/30 19:20:40 Match created: User 1 (red) vs User 2 (black)
INFO:root:[GS00] [0] 2026/03/30 19:20:40 Created pending game: 2f936d96-d65f-448a-9be1-6c89d28dd1a8
INFO:root:[MM00] [0] 2026/03/30 19:20:40 Handling request locally for endpoint: /queue/poll
INFO:root:[MM00] [0] 2026/03/30 19:20:40 User "User 2" has been matched, sending game server [0] http://localhost:3000
INFO:root:[GS00] [0] 2026/03/30 19:20:40 Client "User 2" connected
INFO:root:[GS00] [0] 2026/03/30 19:20:40 Game Identified 2f936d96-d65f-448a-9be1-6c89d28dd1a8
INFO:root:[GS00] [0] 2026/03/30 19:20:40 Waiting for opponent
INFO:root:[MM00] [0] 2026/03/30 19:20:40 Handling request locally for endpoint: /queue/poll
INFO:root:[MM00] [0] 2026/03/30 19:20:40 User "User 1" has been matched, sending game server [0] http://localhost:3000
INFO:root:[GS00] [0] 2026/03/30 19:20:41 Client "User 1" connected
INFO:root:[GS00] [0] 2026/03/30 19:20:41 Game Identified 2f936d96-d65f-448a-9be1-6c89d28dd1a8
INFO:root:[GS00] [0] 2026/03/30 19:20:41 Starting game: 2f936d96-d65f-448a-9be1-6c89d28dd1a8
INFO:root:Created gameserver with pid: "GS01"
INFO:root:[GS01] 2026/03/30 19:20:47 Using name server located at http://localhost:9000
INFO:root:[GS01] 2026/03/30 19:20:47 Game Server running on http://localhost:3001
INFO:root:[Name Server] 2026/03/30 19:20:47 POST /register/game-server - http://localhost:3001
INFO:root:[GS01] 2026/03/30 19:20:47 Registered with ID: 1
INFO:root:[Name Server] 2026/03/30 19:20:47 GET /game-servers - [{"id":0,"url":"http://localhost:3000"},{"id":1,"url":"http://localhost:3001"}]
INFO:root:[GS01] [1] 2026/03/30 19:20:47 Refreshed the list of other Game Servers
INFO:root:[GS01] [1] 2026/03/30 19:20:47     0: http://localhost:3000
INFO:root:[GS00] [0] 2026/03/30 19:20:49 Broadcasting snapshot for game: 2f936d96-d65f-448a-9be1-6c89d28dd1a8
INFO:root:[Name Server] 2026/03/30 19:20:49 GET /game-servers - [{"id":0,"url":"http://localhost:3000"},{"id":1,"url":"http://localhost:3001"}]
INFO:root:[GS00] [0] 2026/03/30 19:20:49 Refreshed the list of other Game Servers
INFO:root:[GS00] [0] 2026/03/30 19:20:49     1: http://localhost:3001
INFO:root:[GS00] [0] 2026/03/30 19:20:49 Sending request to: http://localhost:3001/internal
INFO:root:[GS01] [1] 2026/03/30 19:20:49 Received broadcast
INFO:root:[GS01] [1] 2026/03/30 19:20:49 Received snapshot for game 2f936d96-d65f-448a-9be1-6c89d28dd1a8
INFO:root:[GS00] [0] 2026/03/30 19:20:49 Message Broadcast Successful
INFO:root:[GS01] [1] 2026/03/30 19:20:49 Created game 2f936d96-d65f-448a-9be1-6c89d28dd1a8
INFO:root:[GS01] [1] 2026/03/30 19:20:49 Updated game 2f936d96-d65f-448a-9be1-6c89d28dd1a8
INFO:root:[GS00] [0] 2026/03/30 19:20:51 Broadcasting snapshot for game: 2f936d96-d65f-448a-9be1-6c89d28dd1a8
INFO:root:[Name Server] 2026/03/30 19:20:51 GET /game-servers - [{"id":0,"url":"http://localhost:3000"},{"id":1,"url":"http://localhost:3001"}]
INFO:root:[GS00] [0] 2026/03/30 19:20:51 Refreshed the list of other Game Servers
INFO:root:[GS01] [1] 2026/03/30 19:20:51 Received broadcast
INFO:root:[GS00] [0] 2026/03/30 19:20:51     1: http://localhost:3001
INFO:root:[GS01] [1] 2026/03/30 19:20:51 Received snapshot for game 2f936d96-d65f-448a-9be1-6c89d28dd1a8
INFO:root:[GS01] [1] 2026/03/30 19:20:51 Updated game 2f936d96-d65f-448a-9be1-6c89d28dd1a8
INFO:root:[GS00] [0] 2026/03/30 19:20:51 Sending request to: http://localhost:3001/internal
INFO:root:[GS00] [0] 2026/03/30 19:20:51 Message Broadcast Successful
INFO:root:Killing game server "GS00"
INFO:root:[MM00] [0] 2026/03/30 19:20:56 Handling request locally for endpoint: /match/request-new-game-server
INFO:root:[MM00] [0] 2026/03/30 19:20:56 Handling request locally for endpoint: /match/request-new-game-server
DEBUG:root:[GS00] Terminated
INFO:root:Game server "GS00" killed
INFO:root:[MM00] [0] 2026/03/30 19:20:56 Deregistering Game Server 0
INFO:root:[Name Server] 2026/03/30 19:20:56 POST /deregister/game-server - 0
INFO:root:[MM00] [0] 2026/03/30 19:20:56 Finding a replacement Game Server for match 2f936d96-d65f-448a-9be1-6c89d28dd1a8
INFO:root:[Name Server] 2026/03/30 19:20:56 GET /game-servers - [{"id":1,"url":"http://localhost:3001"}]
INFO:root:[GS01] [1] 2026/03/30 19:20:56 Taking over game: 2f936d96-d65f-448a-9be1-6c89d28dd1a8
INFO:root:[Name Server] 2026/03/30 19:20:56 GET /game-servers - [{"id":1,"url":"http://localhost:3001"}]
INFO:root:[GS01] [1] 2026/03/30 19:20:56 Broadcasting snapshot for game: 2f936d96-d65f-448a-9be1-6c89d28dd1a8
INFO:root:[MM00] [0] 2026/03/30 19:20:56 Match 2f936d96-d65f-448a-9be1-6c89d28dd1a8 moved to Game Server [1] http://localhost:3001
INFO:root:[GS01] [1] 2026/03/30 19:20:56 Refreshed the list of other Game Servers
INFO:root:[GS01] [1] 2026/03/30 19:20:56 Message Broadcast Successful
INFO:root:[MM00] [0] 2026/03/30 19:20:56 Handling request locally for endpoint: /queue/poll
INFO:root:[MM00] [0] 2026/03/30 19:20:56 User "User 2" has been matched, sending game server [1] http://localhost:3001
INFO:root:[MM00] [0] 2026/03/30 19:20:56 Handling request locally for endpoint: /queue/poll
INFO:root:[MM00] [0] 2026/03/30 19:20:56 User "User 1" has been matched, sending game server [1] http://localhost:3001
INFO:root:[GS01] [1] 2026/03/30 19:20:56 Client "User 2" connected
INFO:root:[GS01] [1] 2026/03/30 19:20:56 Game Identified 2f936d96-d65f-448a-9be1-6c89d28dd1a8
INFO:root:[GS01] [1] 2026/03/30 19:20:56 Waiting for opponent
INFO:root:[GS01] [1] 2026/03/30 19:20:56 Client "User 1" connected
INFO:root:[GS01] [1] 2026/03/30 19:20:56 Game Identified 2f936d96-d65f-448a-9be1-6c89d28dd1a8
INFO:root:[GS01] [1] 2026/03/30 19:20:56 Starting game: 2f936d96-d65f-448a-9be1-6c89d28dd1a8
INFO:root:[GS01] [1] 2026/03/30 19:20:59 Broadcasting snapshot for game: 2f936d96-d65f-448a-9be1-6c89d28dd1a8
INFO:root:[Name Server] 2026/03/30 19:20:59 GET /game-servers - [{"id":1,"url":"http://localhost:3001"}]
INFO:root:[GS01] [1] 2026/03/30 19:20:59 Refreshed the list of other Game Servers
INFO:root:[GS01] [1] 2026/03/30 19:20:59 Message Broadcast Successful
INFO:root:[GS01] [1] 2026/03/30 19:21:00 Broadcasting snapshot for game: 2f936d96-d65f-448a-9be1-6c89d28dd1a8
INFO:root:[Name Server] 2026/03/30 19:21:00 GET /game-servers - [{"id":1,"url":"http://localhost:3001"}]
INFO:root:[GS01] [1] 2026/03/30 19:21:00 Refreshed the list of other Game Servers
INFO:root:[GS01] [1] 2026/03/30 19:21:00 Message Broadcast Successful
INFO:root:[GS01] [1] 2026/03/30 19:21:03 Sending game result to matchmaker: (game=2f936d96-d65f-448a-9be1-6c89d28dd1a8, winner=User 2, loser=User 1)
INFO:root:[GS01] [1] 2026/03/30 19:21:03 User User 2 disconnected
INFO:root:[Name Server] 2026/03/30 19:21:07 GET /game-servers - [{"id":1,"url":"http://localhost:3001"}]
INFO:root:[GS01] [1] 2026/03/30 19:21:07 Refreshed the list of other Game Servers
INFO:root:[Name Server] 2026/03/30 19:21:27 GET /game-servers - [{"id":1,"url":"http://localhost:3001"}]
INFO:root:[GS01] [1] 2026/03/30 19:21:27 Refreshed the list of other Game Servers
INFO:root:[Name Server] 2026/03/30 19:21:47 GET /game-servers - [{"id":1,"url":"http://localhost:3001"}]
INFO:root:[GS01] [1] 2026/03/30 19:21:47 Refreshed the list of other Game Servers
INFO:root:[MM00] [0] 2026/03/30 19:22:03 Handling request locally for endpoint: /match/request-new-game-server
INFO:root:[MM00] [0] 2026/03/30 19:22:03 Handling request locally for endpoint: /queue/poll
INFO:root:[MM00] [0] 2026/03/30 19:22:03 User "User 1" has been matched, sending game server [1] http://localhost:3001
INFO:root:[GS01] [1] 2026/03/30 19:22:03 Client "User 1" connected
INFO:root:[Name Server] 2026/03/30 19:22:07 GET /game-servers - [{"id":1,"url":"http://localhost:3001"}]
INFO:root:[GS01] [1] 2026/03/30 19:22:07 Refreshed the list of other Game Servers
INFO:root:[Name Server] 2026/03/30 19:22:27 GET /game-servers - [{"id":1,"url":"http://localhost:3001"}]
INFO:root:[GS01] [1] 2026/03/30 19:22:27 Refreshed the list of other Game Servers
INFO:root:[Name Server] 2026/03/30 19:22:47 GET /game-servers - [{"id":1,"url":"http://localhost:3001"}]
INFO:root:[GS01] [1] 2026/03/30 19:22:47 Refreshed the list of other Game Servers
INFO:root:[Name Server] 2026/03/30 19:23:07 GET /game-servers - [{"id":1,"url":"http://localhost:3001"}]
INFO:root:[GS01] [1] 2026/03/30 19:23:07 Refreshed the list of other Game Servers
INFO:root:[Name Server] exit status 0xc000013a
DEBUG:root:[Name Server] Terminated
INFO:root:[Front-end Server] ^CTerminate batch job (Y/N)?
DEBUG:root:[Front-end Server] Terminated
INFO:root:[MM00] exit status 0xc000013a
DEBUG:root:[MM00] Terminated
INFO:root:[GS01] exit status 0xc000013a
DEBUG:root:[GS01] Terminated
INFO:root:[Name Server] 2026/03/30 19:23:16 Name Server running on http://localhost:9000
INFO:root:[Front-end Server] 
INFO:root:[Front-end Server] > checkered@0.0.0 dev
INFO:root:[Front-end Server] > vite
INFO:root:[Front-end Server] 
INFO:root:[Front-end Server] 
INFO:root:[Front-end Server]   [32m[1mVITE[22m v7.3.1[39m  [2mready in [0m[1m284[22m[2m[0m ms[22m
INFO:root:[Front-end Server] 
INFO:root:[Front-end Server]   [32m➜[39m  [1mLocal[22m:   [36mhttp://localhost:[1m5173[22m/[39m
INFO:root:[Front-end Server] [2m  [32m➜[39m  [1mNetwork[22m[2m: use [22m[1m--host[22m[2m to expose[22m
INFO:root:Created gameserver with pid: "GS00"
INFO:root:Created matchmaker with pid: "MM00"
INFO:root:[GS00] 2026/03/30 19:23:23 Using name server located at http://localhost:9000
INFO:root:[GS00] 2026/03/30 19:23:23 Game Server running on http://localhost:3000
INFO:root:[MM00] 2026/03/30 19:23:23 Using name server located at http://localhost:9000
INFO:root:[MM00] 2026/03/30 19:23:23 Matchmaker running on http://localhost:2000
INFO:root:[Name Server] 2026/03/30 19:23:23 POST /register/game-server - http://localhost:3000
INFO:root:[GS00] 2026/03/30 19:23:23 Registered with ID: 0
INFO:root:[Name Server] 2026/03/30 19:23:23 GET /game-servers - [{"id":0,"url":"http://localhost:3000"}]
INFO:root:[GS00] [0] 2026/03/30 19:23:23 Refreshed the list of other Game Servers
INFO:root:[Name Server] 2026/03/30 19:23:23 POST /register/matchmaker - http://localhost:2000
INFO:root:[MM00] 2026/03/30 19:23:23 Registered with ID: 0
INFO:root:[MM00] [0] 2026/03/30 19:23:23 Initiating a leader election
INFO:root:[Name Server] 2026/03/30 19:23:23 Matchmakers:  1
INFO:root:[MM00] [0] 2026/03/30 19:23:23 Refreshed the list of other Matchmakers
INFO:root:[Name Server] 2026/03/30 19:23:23 GET /matchmakers - [{"id":0,"url":"http://localhost:2000"}]
INFO:root:[MM00] [0] 2026/03/30 19:23:23 Declaring itself leader as it has the highest ID: 0
INFO:root:[MM00] [0] 2026/03/30 19:23:23 Sending leader(0) messages
INFO:root:[Name Server] 2026/03/30 19:23:31 Matchmakers:  1
INFO:root:[Name Server] 2026/03/30 19:23:31 GET /matchmakers - [{"id":0,"url":"http://localhost:2000"}]
INFO:root:[Name Server] 2026/03/30 19:23:31 Matchmakers:  1
INFO:root:[Name Server] 2026/03/30 19:23:31 GET /matchmakers - [{"id":0,"url":"http://localhost:2000"}]
INFO:root:[MM00] [0] 2026/03/30 19:23:31 Handling request locally for endpoint: /queue/add
INFO:root:[MM00] [0] 2026/03/30 19:23:31 Adding "User 1" to queue
INFO:root:[MM00] [0] 2026/03/30 19:23:31 Handling request locally for endpoint: /queue/add
INFO:root:[Name Server] 2026/03/30 19:23:31 GET /game-servers - [{"id":0,"url":"http://localhost:3000"}]
INFO:root:[MM00] [0] 2026/03/30 19:23:31 Adding "User 2" to queue
INFO:root:[MM00] [0] 2026/03/30 19:23:31 Picked game server: http://localhost:3000 (ID: 0)
INFO:root:[GS00] [0] 2026/03/30 19:23:31 Broadcasting snapshot for game: 9c20757e-ed57-4c7f-a223-bbd2d249e98a
INFO:root:[Name Server] 2026/03/30 19:23:31 GET /game-servers - [{"id":0,"url":"http://localhost:3000"}]
INFO:root:[GS00] [0] 2026/03/30 19:23:31 Refreshed the list of other Game Servers
INFO:root:[MM00] [0] 2026/03/30 19:23:31 Match created: User 1 (red) vs User 2 (black)
INFO:root:[GS00] [0] 2026/03/30 19:23:31 Message Broadcast Successful
INFO:root:[GS00] [0] 2026/03/30 19:23:31 Created pending game: 9c20757e-ed57-4c7f-a223-bbd2d249e98a
INFO:root:[MM00] [0] 2026/03/30 19:23:31 Handling request locally for endpoint: /queue/poll
INFO:root:[MM00] [0] 2026/03/30 19:23:31 User "User 1" has been matched, sending game server [0] http://localhost:3000
INFO:root:[MM00] [0] 2026/03/30 19:23:31 Handling request locally for endpoint: /queue/poll
INFO:root:[MM00] [0] 2026/03/30 19:23:31 User "User 2" has been matched, sending game server [0] http://localhost:3000
INFO:root:[GS00] [0] 2026/03/30 19:23:31 Client "User 1" connected
INFO:root:[GS00] [0] 2026/03/30 19:23:31 Game Identified 9c20757e-ed57-4c7f-a223-bbd2d249e98a
INFO:root:[GS00] [0] 2026/03/30 19:23:31 Waiting for opponent
INFO:root:[GS00] [0] 2026/03/30 19:23:31 Client "User 2" connected
INFO:root:[GS00] [0] 2026/03/30 19:23:31 Game Identified 9c20757e-ed57-4c7f-a223-bbd2d249e98a
INFO:root:[GS00] [0] 2026/03/30 19:23:31 Starting game: 9c20757e-ed57-4c7f-a223-bbd2d249e98a
INFO:root:[GS00] [0] 2026/03/30 19:23:32 Broadcasting snapshot for game: 9c20757e-ed57-4c7f-a223-bbd2d249e98a
INFO:root:[Name Server] 2026/03/30 19:23:32 GET /game-servers - [{"id":0,"url":"http://localhost:3000"}]
INFO:root:[GS00] [0] 2026/03/30 19:23:32 Refreshed the list of other Game Servers
INFO:root:[GS00] [0] 2026/03/30 19:23:32 Message Broadcast Successful
INFO:root:[GS00] [0] 2026/03/30 19:23:34 Broadcasting snapshot for game: 9c20757e-ed57-4c7f-a223-bbd2d249e98a
INFO:root:[Name Server] 2026/03/30 19:23:34 GET /game-servers - [{"id":0,"url":"http://localhost:3000"}]
INFO:root:[GS00] [0] 2026/03/30 19:23:34 Refreshed the list of other Game Servers
INFO:root:[GS00] [0] 2026/03/30 19:23:34 Message Broadcast Successful
INFO:root:[GS00] [0] 2026/03/30 19:23:35 Broadcasting snapshot for game: 9c20757e-ed57-4c7f-a223-bbd2d249e98a
INFO:root:[Name Server] 2026/03/30 19:23:35 GET /game-servers - [{"id":0,"url":"http://localhost:3000"}]
INFO:root:[GS00] [0] 2026/03/30 19:23:35 Refreshed the list of other Game Servers
INFO:root:[GS00] [0] 2026/03/30 19:23:35 Message Broadcast Successful
INFO:root:Created gameserver with pid: "GS01"
INFO:root:[GS01] 2026/03/30 19:23:40 Using name server located at http://localhost:9000
INFO:root:[GS01] 2026/03/30 19:23:40 Game Server running on http://localhost:3001
INFO:root:[Name Server] 2026/03/30 19:23:40 POST /register/game-server - http://localhost:3001
INFO:root:[GS01] 2026/03/30 19:23:40 Registered with ID: 1
INFO:root:[Name Server] 2026/03/30 19:23:40 GET /game-servers - [{"id":0,"url":"http://localhost:3000"},{"id":1,"url":"http://localhost:3001"}]
INFO:root:[GS01] [1] 2026/03/30 19:23:40 Refreshed the list of other Game Servers
INFO:root:[GS01] [1] 2026/03/30 19:23:40     0: http://localhost:3000
INFO:root:[GS00] [0] 2026/03/30 19:23:43 Broadcasting snapshot for game: 9c20757e-ed57-4c7f-a223-bbd2d249e98a
INFO:root:[Name Server] 2026/03/30 19:23:43 GET /game-servers - [{"id":0,"url":"http://localhost:3000"},{"id":1,"url":"http://localhost:3001"}]
INFO:root:[GS00] [0] 2026/03/30 19:23:43 Refreshed the list of other Game Servers
INFO:root:[GS00] [0] 2026/03/30 19:23:43     1: http://localhost:3001
INFO:root:[GS00] [0] 2026/03/30 19:23:43 Sending request to: http://localhost:3001/internal
INFO:root:[GS01] [1] 2026/03/30 19:23:43 Received broadcast
INFO:root:[GS01] [1] 2026/03/30 19:23:43 Received snapshot for game 9c20757e-ed57-4c7f-a223-bbd2d249e98a
INFO:root:[GS00] [0] 2026/03/30 19:23:43 Message Broadcast Successful
INFO:root:[GS01] [1] 2026/03/30 19:23:43 Created game 9c20757e-ed57-4c7f-a223-bbd2d249e98a
INFO:root:[GS01] [1] 2026/03/30 19:23:43 Updated game 9c20757e-ed57-4c7f-a223-bbd2d249e98a
INFO:root:[Name Server] 2026/03/30 19:23:43 GET /game-servers - [{"id":0,"url":"http://localhost:3000"},{"id":1,"url":"http://localhost:3001"}]
INFO:root:[GS00] [0] 2026/03/30 19:23:43 Refreshed the list of other Game Servers
INFO:root:[GS00] [0] 2026/03/30 19:23:43     1: http://localhost:3001
INFO:root:Killing game server "GS00"
INFO:root:[MM00] [0] 2026/03/30 19:23:47 Handling request locally for endpoint: /match/request-new-game-server
INFO:root:[MM00] [0] 2026/03/30 19:23:47 Handling request locally for endpoint: /match/request-new-game-server
DEBUG:root:[GS00] Terminated
INFO:root:Game server "GS00" killed
INFO:root:[MM00] [0] 2026/03/30 19:23:47 Deregistering Game Server 0
INFO:root:[Name Server] 2026/03/30 19:23:47 POST /deregister/game-server - 0
INFO:root:[MM00] [0] 2026/03/30 19:23:47 Finding a replacement Game Server for match 9c20757e-ed57-4c7f-a223-bbd2d249e98a
INFO:root:[Name Server] 2026/03/30 19:23:47 GET /game-servers - [{"id":1,"url":"http://localhost:3001"}]
INFO:root:[GS01] [1] 2026/03/30 19:23:47 Taking over game: 9c20757e-ed57-4c7f-a223-bbd2d249e98a
INFO:root:[Name Server] 2026/03/30 19:23:47 GET /game-servers - [{"id":1,"url":"http://localhost:3001"}]
INFO:root:[GS01] [1] 2026/03/30 19:23:47 Broadcasting snapshot for game: 9c20757e-ed57-4c7f-a223-bbd2d249e98a
INFO:root:[MM00] [0] 2026/03/30 19:23:47 Match 9c20757e-ed57-4c7f-a223-bbd2d249e98a moved to Game Server [1] http://localhost:3001
INFO:root:[GS01] [1] 2026/03/30 19:23:47 Refreshed the list of other Game Servers
INFO:root:[GS01] [1] 2026/03/30 19:23:47 Message Broadcast Successful
INFO:root:[MM00] [0] 2026/03/30 19:23:47 Handling request locally for endpoint: /queue/poll
INFO:root:[MM00] [0] 2026/03/30 19:23:47 User "User 2" has been matched, sending game server [1] http://localhost:3001
INFO:root:[MM00] [0] 2026/03/30 19:23:47 Handling request locally for endpoint: /queue/poll
INFO:root:[MM00] [0] 2026/03/30 19:23:47 User "User 1" has been matched, sending game server [1] http://localhost:3001
INFO:root:[GS01] [1] 2026/03/30 19:23:48 Client "User 2" connected
INFO:root:[GS01] [1] 2026/03/30 19:23:48 Game Identified 9c20757e-ed57-4c7f-a223-bbd2d249e98a
INFO:root:[GS01] [1] 2026/03/30 19:23:48 Waiting for opponent
INFO:root:[GS01] [1] 2026/03/30 19:23:48 Client "User 1" connected
INFO:root:[GS01] [1] 2026/03/30 19:23:48 Game Identified 9c20757e-ed57-4c7f-a223-bbd2d249e98a
INFO:root:[GS01] [1] 2026/03/30 19:23:48 Starting game: 9c20757e-ed57-4c7f-a223-bbd2d249e98a
INFO:root:[GS01] [1] 2026/03/30 19:23:51 Broadcasting snapshot for game: 9c20757e-ed57-4c7f-a223-bbd2d249e98a
INFO:root:[Name Server] 2026/03/30 19:23:51 GET /game-servers - [{"id":1,"url":"http://localhost:3001"}]
INFO:root:[GS01] [1] 2026/03/30 19:23:51 Refreshed the list of other Game Servers
INFO:root:[GS01] [1] 2026/03/30 19:23:51 Message Broadcast Successful
INFO:root:[GS01] [1] 2026/03/30 19:23:53 Broadcasting snapshot for game: 9c20757e-ed57-4c7f-a223-bbd2d249e98a
INFO:root:[Name Server] 2026/03/30 19:23:53 GET /game-servers - [{"id":1,"url":"http://localhost:3001"}]
INFO:root:[GS01] [1] 2026/03/30 19:23:53 Refreshed the list of other Game Servers
INFO:root:[GS01] [1] 2026/03/30 19:23:53 Message Broadcast Successful
INFO:root:[GS01] [1] 2026/03/30 19:23:54 Broadcasting snapshot for game: 9c20757e-ed57-4c7f-a223-bbd2d249e98a
INFO:root:[Name Server] 2026/03/30 19:23:54 GET /game-servers - [{"id":1,"url":"http://localhost:3001"}]
INFO:root:[GS01] [1] 2026/03/30 19:23:54 Refreshed the list of other Game Servers
INFO:root:[GS01] [1] 2026/03/30 19:23:54 Message Broadcast Successful
INFO:root:[GS01] [1] 2026/03/30 19:23:57 Sending game result to matchmaker: (game=9c20757e-ed57-4c7f-a223-bbd2d249e98a, winner=User 1, loser=User 2)
INFO:root:[Name Server] 2026/03/30 19:23:57 GET /game-servers - [{"id":1,"url":"http://localhost:3001"}]
INFO:root:[GS01] [1] 2026/03/30 19:23:57 Handling game result (game=9c20757e-ed57-4c7f-a223-bbd2d249e98a)
INFO:root:[GS01] [1] 2026/03/30 19:23:57 Broadcasting snapshot for game: 9c20757e-ed57-4c7f-a223-bbd2d249e98a
INFO:root:[Name Server] 2026/03/30 19:23:57 Matchmakers:  1
INFO:root:[GS01] [1] 2026/03/30 19:23:57 User User 2 disconnected
INFO:root:[Name Server] 2026/03/30 19:23:57 GET /matchmakers - [{"id":0,"url":"http://localhost:2000"}]
INFO:root:[GS01] [1] 2026/03/30 19:23:57 Sending game result to matchmaker: (game=9c20757e-ed57-4c7f-a223-bbd2d249e98a, winner=User 1, loser=User 2)
INFO:root:[GS01] [1] 2026/03/30 19:23:57 User User 2 disconnected
INFO:root:[GS01] [1] 2026/03/30 19:23:57 User User 1 disconnected
INFO:root:[GS01] [1] 2026/03/30 19:23:57 Refreshed the list of other Game Servers
INFO:root:[GS01] [1] 2026/03/30 19:23:57 Message Broadcast Successful
INFO:root:[GS01] [1] 2026/03/30 19:23:57 Selected match making server: http://localhost:2000 (ID: 0)
INFO:root:[MM00] [0] 2026/03/30 19:23:57 Handling request locally for endpoint: /match/updateleaderboard
INFO:root:[GS01] [1] 2026/03/30 19:23:57 Leaderboard updated!
INFO:root:[MM00] [0] 2026/03/30 19:23:57 Updating leaderboard (game=9c20757e-ed57-4c7f-a223-bbd2d249e98a, winner=%!s(*string=0x15bf82b8e2f0), loser=%!s(*string=0x15bf82b8e300))
INFO:root:[MM00] [0] 2026/03/30 19:23:57 Game Result: (game=9c20757e-ed57-4c7f-a223-bbd2d249e98a, winner=User 1, loser=User 2)
INFO:root:[MM00] [0] 2026/03/30 19:23:57 New score: User 1 = w1/l0
INFO:root:[MM00] [0] 2026/03/30 19:23:57 New score: User 2 = w0/l1
INFO:root:[MM00] [0] 2026/03/30 19:23:57 Handling request locally for endpoint: /match/end
INFO:root:[MM00] [0] 2026/03/30 19:23:57 Match 9c20757e-ed57-4c7f-a223-bbd2d249e98a ended and removed
INFO:root:[GS01] [1] 2026/03/30 19:23:57 Attempted unregister
INFO:root:[GS01] [1] 2026/03/30 19:23:57 Handling game result (game=9c20757e-ed57-4c7f-a223-bbd2d249e98a)
INFO:root:[GS01] [1] 2026/03/30 19:23:57 Game 9c20757e-ed57-4c7f-a223-bbd2d249e98a does not exist
INFO:root:[MM00] [0] 2026/03/30 19:23:59 Handling request locally for endpoint: /leaderboard
INFO:root:[MM00] [0] 2026/03/30 19:23:59 Handling request locally for endpoint: /leaderboard
INFO:root:[Name Server] 2026/03/30 19:24:00 GET /game-servers - [{"id":1,"url":"http://localhost:3001"}]
INFO:root:[GS01] [1] 2026/03/30 19:24:00 Refreshed the list of other Game Servers
INFO:root:[MM00] [0] 2026/03/30 19:24:11 Handling request locally for endpoint: /queue/add
INFO:root:[MM00] [0] 2026/03/30 19:24:11 Adding "User 1" to queue
INFO:root:[MM00] [0] 2026/03/30 19:24:11 Handling request locally for endpoint: /queue/poll
INFO:root:[MM00] [0] 2026/03/30 19:24:13 Handling request locally for endpoint: /queue/poll
INFO:root:[MM00] [0] 2026/03/30 19:24:14 Handling request locally for endpoint: /queue/add
INFO:root:[Name Server] 2026/03/30 19:24:14 GET /game-servers - [{"id":1,"url":"http://localhost:3001"}]
INFO:root:[MM00] [0] 2026/03/30 19:24:14 Adding "User 2" to queue
INFO:root:[MM00] [0] 2026/03/30 19:24:14 Picked game server: http://localhost:3001 (ID: 1)
INFO:root:[GS01] [1] 2026/03/30 19:24:14 Broadcasting snapshot for game: c5374ccb-8d96-4a34-aba5-9991d67e9ec9
INFO:root:[Name Server] 2026/03/30 19:24:14 GET /game-servers - [{"id":1,"url":"http://localhost:3001"}]
INFO:root:[GS01] [1] 2026/03/30 19:24:14 Refreshed the list of other Game Servers
INFO:root:[GS01] [1] 2026/03/30 19:24:14 Message Broadcast Successful
INFO:root:[MM00] [0] 2026/03/30 19:24:14 Match created: User 1 (red) vs User 2 (black)
INFO:root:[GS01] [1] 2026/03/30 19:24:14 Created pending game: c5374ccb-8d96-4a34-aba5-9991d67e9ec9
INFO:root:[MM00] [0] 2026/03/30 19:24:14 Handling request locally for endpoint: /queue/poll
INFO:root:[MM00] [0] 2026/03/30 19:24:14 User "User 2" has been matched, sending game server [1] http://localhost:3001
INFO:root:[GS01] [1] 2026/03/30 19:24:14 Client "User 2" connected
INFO:root:[GS01] [1] 2026/03/30 19:24:14 Game Identified c5374ccb-8d96-4a34-aba5-9991d67e9ec9
INFO:root:[GS01] [1] 2026/03/30 19:24:14 Waiting for opponent
INFO:root:[MM00] [0] 2026/03/30 19:24:15 Handling request locally for endpoint: /queue/poll
INFO:root:[MM00] [0] 2026/03/30 19:24:15 User "User 1" has been matched, sending game server [1] http://localhost:3001
INFO:root:[GS01] [1] 2026/03/30 19:24:16 Client "User 1" connected
INFO:root:[GS01] [1] 2026/03/30 19:24:16 Game Identified c5374ccb-8d96-4a34-aba5-9991d67e9ec9
INFO:root:[GS01] [1] 2026/03/30 19:24:16 Starting game: c5374ccb-8d96-4a34-aba5-9991d67e9ec9
INFO:root:[GS01] [1] 2026/03/30 19:24:17 Broadcasting snapshot for game: c5374ccb-8d96-4a34-aba5-9991d67e9ec9
INFO:root:[Name Server] 2026/03/30 19:24:17 GET /game-servers - [{"id":1,"url":"http://localhost:3001"}]
INFO:root:[GS01] [1] 2026/03/30 19:24:17 Refreshed the list of other Game Servers
INFO:root:[GS01] [1] 2026/03/30 19:24:17 Message Broadcast Successful
INFO:root:[Name Server] 2026/03/30 19:24:20 GET /game-servers - [{"id":1,"url":"http://localhost:3001"}]
INFO:root:[GS01] [1] 2026/03/30 19:24:20 Refreshed the list of other Game Servers
INFO:root:Created gameserver with pid: "GS02"
INFO:root:[GS02] 2026/03/30 19:24:22 Using name server located at http://localhost:9000
INFO:root:[GS02] 2026/03/30 19:24:22 Game Server running on http://localhost:3002
INFO:root:[Name Server] 2026/03/30 19:24:22 POST /register/game-server - http://localhost:3002
INFO:root:[GS02] 2026/03/30 19:24:22 Registered with ID: 2
INFO:root:[Name Server] 2026/03/30 19:24:22 GET /game-servers - [{"id":1,"url":"http://localhost:3001"},{"id":2,"url":"http://localhost:3002"}]
INFO:root:[GS02] [2] 2026/03/30 19:24:22 Refreshed the list of other Game Servers
INFO:root:[GS02] [2] 2026/03/30 19:24:22     1: http://localhost:3001
INFO:root:[GS01] [1] 2026/03/30 19:24:25 Broadcasting snapshot for game: c5374ccb-8d96-4a34-aba5-9991d67e9ec9
INFO:root:[Name Server] 2026/03/30 19:24:25 GET /game-servers - [{"id":1,"url":"http://localhost:3001"},{"id":2,"url":"http://localhost:3002"}]
INFO:root:[GS01] [1] 2026/03/30 19:24:25 Refreshed the list of other Game Servers
INFO:root:[GS01] [1] 2026/03/30 19:24:25     2: http://localhost:3002
INFO:root:[GS01] [1] 2026/03/30 19:24:25 Sending request to: http://localhost:3002/internal
INFO:root:[GS02] [2] 2026/03/30 19:24:25 Received broadcast
INFO:root:[GS01] [1] 2026/03/30 19:24:25 Message Broadcast Successful
INFO:root:[GS02] [2] 2026/03/30 19:24:25 Received snapshot for game c5374ccb-8d96-4a34-aba5-9991d67e9ec9
INFO:root:[GS02] [2] 2026/03/30 19:24:25 Created game c5374ccb-8d96-4a34-aba5-9991d67e9ec9
INFO:root:[GS02] [2] 2026/03/30 19:24:25 Updated game c5374ccb-8d96-4a34-aba5-9991d67e9ec9
INFO:root:[GS01] [1] 2026/03/30 19:24:26 Broadcasting snapshot for game: c5374ccb-8d96-4a34-aba5-9991d67e9ec9
INFO:root:[Name Server] 2026/03/30 19:24:26 GET /game-servers - [{"id":1,"url":"http://localhost:3001"},{"id":2,"url":"http://localhost:3002"}]
INFO:root:[GS01] [1] 2026/03/30 19:24:26 Refreshed the list of other Game Servers
INFO:root:[GS02] [2] 2026/03/30 19:24:26 Received broadcast
INFO:root:[GS01] [1] 2026/03/30 19:24:26     2: http://localhost:3002
INFO:root:[GS02] [2] 2026/03/30 19:24:26 Received snapshot for game c5374ccb-8d96-4a34-aba5-9991d67e9ec9
INFO:root:[GS02] [2] 2026/03/30 19:24:26 Updated game c5374ccb-8d96-4a34-aba5-9991d67e9ec9
INFO:root:[GS01] [1] 2026/03/30 19:24:26 Sending request to: http://localhost:3002/internal
INFO:root:[GS01] [1] 2026/03/30 19:24:26 Message Broadcast Successful
INFO:root:Killing game server "GS02"
DEBUG:root:[GS02] Terminated
INFO:root:Game server "GS02" killed
INFO:root:[GS01] [1] 2026/03/30 19:24:34 Broadcasting snapshot for game: c5374ccb-8d96-4a34-aba5-9991d67e9ec9
INFO:root:[Name Server] 2026/03/30 19:24:34 GET /game-servers - [{"id":1,"url":"http://localhost:3001"},{"id":2,"url":"http://localhost:3002"}]
INFO:root:[GS01] [1] 2026/03/30 19:24:34 Refreshed the list of other Game Servers
INFO:root:[GS01] [1] 2026/03/30 19:24:34     2: http://localhost:3002
INFO:root:[GS01] [1] 2026/03/30 19:24:34 Sending request to: http://localhost:3002/internal
INFO:root:Created gameserver with pid: "GS03"
INFO:root:[GS03] 2026/03/30 19:24:39 Using name server located at http://localhost:9000
INFO:root:[GS03] 2026/03/30 19:24:39 Game Server running on http://localhost:3003
INFO:root:[Name Server] 2026/03/30 19:24:39 POST /register/game-server - http://localhost:3003
INFO:root:[GS03] 2026/03/30 19:24:39 Registered with ID: 3
INFO:root:[Name Server] 2026/03/30 19:24:39 GET /game-servers - [{"id":1,"url":"http://localhost:3001"},{"id":2,"url":"http://localhost:3002"},{"id":3,"url":"http://localhost:3003"}]
INFO:root:[GS03] [3] 2026/03/30 19:24:39 Refreshed the list of other Game Servers
INFO:root:[GS03] [3] 2026/03/30 19:24:39     1: http://localhost:3001
INFO:root:[GS03] [3] 2026/03/30 19:24:39     2: http://localhost:3002
INFO:root:[Name Server] 2026/03/30 19:24:40 GET /game-servers - [{"id":1,"url":"http://localhost:3001"},{"id":2,"url":"http://localhost:3002"},{"id":3,"url":"http://localhost:3003"}]
INFO:root:[GS01] [1] 2026/03/30 19:24:40 Refreshed the list of other Game Servers
INFO:root:[GS01] [1] 2026/03/30 19:24:40     2: http://localhost:3002
INFO:root:[GS01] [1] 2026/03/30 19:24:40     3: http://localhost:3003
INFO:root:[GS01] [1] 2026/03/30 19:24:43 Broadcasting snapshot for game: c5374ccb-8d96-4a34-aba5-9991d67e9ec9
INFO:root:[Name Server] 2026/03/30 19:24:43 GET /game-servers - [{"id":1,"url":"http://localhost:3001"},{"id":2,"url":"http://localhost:3002"},{"id":3,"url":"http://localhost:3003"}]
INFO:root:[GS01] [1] 2026/03/30 19:24:43 Refreshed the list of other Game Servers
INFO:root:[GS01] [1] 2026/03/30 19:24:43     2: http://localhost:3002
INFO:root:[GS01] [1] 2026/03/30 19:24:43     3: http://localhost:3003
INFO:root:[GS01] [1] 2026/03/30 19:24:43 Sending request to: http://localhost:3002/internal
INFO:root:[GS01] [1] 2026/03/30 19:24:48 Broadcasting snapshot for game: c5374ccb-8d96-4a34-aba5-9991d67e9ec9
INFO:root:[Name Server] 2026/03/30 19:24:48 GET /game-servers - [{"id":1,"url":"http://localhost:3001"},{"id":2,"url":"http://localhost:3002"},{"id":3,"url":"http://localhost:3003"}]
INFO:root:[GS01] [1] 2026/03/30 19:24:48 Refreshed the list of other Game Servers
INFO:root:[GS01] [1] 2026/03/30 19:24:48     2: http://localhost:3002
INFO:root:[GS01] [1] 2026/03/30 19:24:48     3: http://localhost:3003
INFO:root:[GS01] [1] 2026/03/30 19:24:48 Sending request to: http://localhost:3002/internal
ERROR:root:Unexpected server type "gameserver": expected "matchmaker" or "gameserver"
INFO:root:[Name Server] 2026/03/30 19:24:59 GET /game-servers - [{"id":1,"url":"http://localhost:3001"},{"id":2,"url":"http://localhost:3002"},{"id":3,"url":"http://localhost:3003"}]
INFO:root:[GS03] [3] 2026/03/30 19:24:59 Refreshed the list of other Game Servers
INFO:root:[GS03] [3] 2026/03/30 19:24:59     1: http://localhost:3001
INFO:root:[GS03] [3] 2026/03/30 19:24:59     2: http://localhost:3002
INFO:root:[Name Server] 2026/03/30 19:25:00 GET /game-servers - [{"id":1,"url":"http://localhost:3001"},{"id":2,"url":"http://localhost:3002"},{"id":3,"url":"http://localhost:3003"}]
INFO:root:[GS01] [1] 2026/03/30 19:25:00 Refreshed the list of other Game Servers
INFO:root:[GS01] [1] 2026/03/30 19:25:00     2: http://localhost:3002
INFO:root:[GS01] [1] 2026/03/30 19:25:00     3: http://localhost:3003
INFO:root:Game Servers:
INFO:root:	- GS01
INFO:root:	- GS03
INFO:root:Killing game server "GS01"
INFO:root:[MM00] [0] 2026/03/30 19:25:07 Handling request locally for endpoint: /match/request-new-game-server
INFO:root:[MM00] [0] 2026/03/30 19:25:07 Handling request locally for endpoint: /match/request-new-game-server
DEBUG:root:[GS01] Terminated
INFO:root:Game server "GS01" killed
INFO:root:[MM00] [0] 2026/03/30 19:25:07 Deregistering Game Server 1
INFO:root:[Name Server] 2026/03/30 19:25:07 POST /deregister/game-server - 1
INFO:root:[MM00] [0] 2026/03/30 19:25:07 Finding a replacement Game Server for match c5374ccb-8d96-4a34-aba5-9991d67e9ec9
INFO:root:[Name Server] 2026/03/30 19:25:07 GET /game-servers - [{"id":2,"url":"http://localhost:3002"},{"id":3,"url":"http://localhost:3003"}]
INFO:root:[MM00] [0] 2026/03/30 19:25:07 Failed to send match to game server [2] http://localhost:3002: Post "http://localhost:3002/takeover": dial tcp [::1]:3002: connectex: No connection could be made because the target machine actively refused it.
INFO:root:[MM00] [0] 2026/03/30 19:25:07 Handling request locally for endpoint: /queue/poll
INFO:root:[MM00] [0] 2026/03/30 19:25:07 User "User 1" has been matched, sending game server [2] http://localhost:3002
INFO:root:[MM00] [0] 2026/03/30 19:25:07 Handling request locally for endpoint: /queue/poll
INFO:root:[MM00] [0] 2026/03/30 19:25:07 User "User 2" has been matched, sending game server [2] http://localhost:3002
INFO:root:[MM00] [0] 2026/03/30 19:25:09 Handling request locally for endpoint: /match/request-new-game-server
INFO:root:[MM00] [0] 2026/03/30 19:25:09 Deregistering Game Server 2
INFO:root:[Name Server] 2026/03/30 19:25:09 POST /deregister/game-server - 2
INFO:root:[MM00] [0] 2026/03/30 19:25:09 Finding a replacement Game Server for match c5374ccb-8d96-4a34-aba5-9991d67e9ec9
INFO:root:[Name Server] 2026/03/30 19:25:09 GET /game-servers - [{"id":3,"url":"http://localhost:3003"}]
INFO:root:[GS03] [3] 2026/03/30 19:25:09 Taking over game: c5374ccb-8d96-4a34-aba5-9991d67e9ec9
INFO:root:[MM00] [0] 2026/03/30 19:25:09 Match c5374ccb-8d96-4a34-aba5-9991d67e9ec9 moved to Game Server [3] http://localhost:3003
INFO:root:[MM00] [0] 2026/03/30 19:25:09 Handling request locally for endpoint: /queue/poll
INFO:root:[MM00] [0] 2026/03/30 19:25:09 User "User 1" has been matched, sending game server [3] http://localhost:3003
INFO:root:[GS03] [3] 2026/03/30 19:25:09 Client "User 1" connected
INFO:root:[GS03] [3] 2026/03/30 19:25:09 Player User 1 is not in a pending game
INFO:root:[MM00] [0] 2026/03/30 19:25:11 Handling request locally for endpoint: /match/request-new-game-server
INFO:root:[MM00] [0] 2026/03/30 19:25:11 Handling request locally for endpoint: /queue/poll
INFO:root:[MM00] [0] 2026/03/30 19:25:11 User "User 2" has been matched, sending game server [3] http://localhost:3003
INFO:root:[GS03] [3] 2026/03/30 19:25:11 Client "User 2" connected
INFO:root:[GS03] [3] 2026/03/30 19:25:11 Player User 2 is not in a pending game
INFO:root:[GS03] [3] 2026/03/30 19:25:14 User User 1 disconnected
INFO:root:[GS03] panic: runtime error: invalid memory address or nil pointer dereference
INFO:root:[GS03] [signal 0xc0000005 code=0x1 addr=0x8c pc=0x7ff71ac8c7cb]
INFO:root:[GS03] 
INFO:root:[GS03] goroutine 23 [running]:
INFO:root:[GS03] internal/sync.(*Mutex).Lock(...)
INFO:root:[GS03] 	C:/Program Files/Go/src/internal/sync/mutex.go:63
INFO:root:[GS03] sync.(*Mutex).Lock(...)
INFO:root:[GS03] 	C:/Program Files/Go/src/sync/mutex.go:46
INFO:root:[GS03] github.com/akeuben/checkered.(*Client).handleNewMove(0x126fca7841e0, {{0x126fca69621c?, 0x200?}, 0x7ff71aa50576?, 0x126fca7abef8?})
INFO:root:[MM00] [0] 2026/03/30 19:25:14 Handling request locally for endpoint: /match/request-new-game-server
INFO:root:[GS03] 	C:/Users/taylo/OneDrive/Desktop/School/Winter 2026/CPSC559/backend/client.go:228 +0x4b
INFO:root:[GS03] github.com/akeuben/checkered.(*Client).readThread(0x126fca7841e0)
INFO:root:[GS03] 	C:/Users/taylo/OneDrive/Desktop/School/Winter 2026/CPSC559/backend/client.go:141 +0x153
INFO:root:[GS03] created by github.com/akeuben/checkered.ServeWs in goroutine 34
INFO:root:[GS03] 	C:/Users/taylo/OneDrive/Desktop/School/Winter 2026/CPSC559/backend/server.go:260 +0x3de
INFO:root:[GS03] exit status 2
INFO:root:[MM00] [0] 2026/03/30 19:25:14 Handling request locally for endpoint: /match/request-new-game-server
DEBUG:root:[GS03] Terminated
INFO:root:[MM00] [0] 2026/03/30 19:25:14 Deregistering Game Server 3
INFO:root:[Name Server] 2026/03/30 19:25:14 POST /deregister/game-server - 3
INFO:root:[MM00] [0] 2026/03/30 19:25:14 Finding a replacement Game Server for match c5374ccb-8d96-4a34-aba5-9991d67e9ec9
INFO:root:[Name Server] 2026/03/30 19:25:14 GET /game-servers - []
INFO:root:[MM00] [0] 2026/03/30 19:25:14 No game servers available
INFO:root:[MM00] [0] 2026/03/30 19:25:14 Deregistering Game Server 3
INFO:root:[Name Server] 2026/03/30 19:25:14 POST /deregister/game-server - 3
INFO:root:[MM00] [0] 2026/03/30 19:25:14 Finding a replacement Game Server for match c5374ccb-8d96-4a34-aba5-9991d67e9ec9
INFO:root:[Name Server] 2026/03/30 19:25:14 GET /game-servers - []
INFO:root:[MM00] [0] 2026/03/30 19:25:14 No game servers available
INFO:root:[MM00] [0] 2026/03/30 19:25:14 Handling request locally for endpoint: /queue/poll
INFO:root:[MM00] [0] 2026/03/30 19:25:14 User "User 2" has been matched, sending game server [3] http://localhost:3003
INFO:root:[MM00] [0] 2026/03/30 19:25:14 Handling request locally for endpoint: /queue/poll
INFO:root:[MM00] [0] 2026/03/30 19:25:14 User "User 1" has been matched, sending game server [3] http://localhost:3003
INFO:root:[MM00] [0] 2026/03/30 19:25:16 Handling request locally for endpoint: /match/request-new-game-server
INFO:root:[MM00] [0] 2026/03/30 19:25:16 Deregistering Game Server 3
INFO:root:[Name Server] 2026/03/30 19:25:16 POST /deregister/game-server - 3
INFO:root:[MM00] [0] 2026/03/30 19:25:16 Finding a replacement Game Server for match c5374ccb-8d96-4a34-aba5-9991d67e9ec9
INFO:root:[Name Server] 2026/03/30 19:25:16 GET /game-servers - []
INFO:root:[MM00] [0] 2026/03/30 19:25:16 No game servers available
INFO:root:[MM00] [0] 2026/03/30 19:25:16 Handling request locally for endpoint: /queue/poll
INFO:root:[MM00] [0] 2026/03/30 19:25:16 User "User 2" has been matched, sending game server [3] http://localhost:3003
INFO:root:[MM00] [0] 2026/03/30 19:25:19 Handling request locally for endpoint: /match/request-new-game-server
INFO:root:[MM00] [0] 2026/03/30 19:25:19 Deregistering Game Server 3
INFO:root:[Name Server] 2026/03/30 19:25:19 POST /deregister/game-server - 3
INFO:root:[MM00] [0] 2026/03/30 19:25:19 Finding a replacement Game Server for match c5374ccb-8d96-4a34-aba5-9991d67e9ec9
INFO:root:[Name Server] 2026/03/30 19:25:19 GET /game-servers - []
INFO:root:[MM00] [0] 2026/03/30 19:25:19 No game servers available
INFO:root:[MM00] [0] 2026/03/30 19:25:19 Handling request locally for endpoint: /queue/poll
INFO:root:[MM00] [0] 2026/03/30 19:25:19 User "User 1" has been matched, sending game server [3] http://localhost:3003
INFO:root:[MM00] [0] 2026/03/30 19:25:21 Handling request locally for endpoint: /match/request-new-game-server
INFO:root:[MM00] [0] 2026/03/30 19:25:21 Deregistering Game Server 3
INFO:root:[Name Server] 2026/03/30 19:25:21 POST /deregister/game-server - 3
INFO:root:[MM00] [0] 2026/03/30 19:25:21 Finding a replacement Game Server for match c5374ccb-8d96-4a34-aba5-9991d67e9ec9
INFO:root:[Name Server] 2026/03/30 19:25:21 GET /game-servers - []
INFO:root:[MM00] [0] 2026/03/30 19:25:21 No game servers available
INFO:root:[MM00] [0] 2026/03/30 19:25:21 Handling request locally for endpoint: /queue/poll
INFO:root:[MM00] [0] 2026/03/30 19:25:21 User "User 2" has been matched, sending game server [3] http://localhost:3003
INFO:root:[MM00] [0] 2026/03/30 19:25:23 Handling request locally for endpoint: /match/request-new-game-server
INFO:root:[MM00] [0] 2026/03/30 19:25:23 Deregistering Game Server 3
INFO:root:[Name Server] 2026/03/30 19:25:23 POST /deregister/game-server - 3
INFO:root:[MM00] [0] 2026/03/30 19:25:23 Finding a replacement Game Server for match c5374ccb-8d96-4a34-aba5-9991d67e9ec9
INFO:root:[Name Server] 2026/03/30 19:25:23 GET /game-servers - []
INFO:root:[MM00] [0] 2026/03/30 19:25:23 No game servers available
INFO:root:[MM00] [0] 2026/03/30 19:25:23 Handling request locally for endpoint: /queue/poll
INFO:root:[MM00] [0] 2026/03/30 19:25:23 User "User 1" has been matched, sending game server [3] http://localhost:3003
INFO:root:[MM00] [0] 2026/03/30 19:25:25 Handling request locally for endpoint: /match/request-new-game-server
INFO:root:[MM00] [0] 2026/03/30 19:25:25 Deregistering Game Server 3
INFO:root:[Name Server] 2026/03/30 19:25:25 POST /deregister/game-server - 3
INFO:root:[MM00] [0] 2026/03/30 19:25:25 Finding a replacement Game Server for match c5374ccb-8d96-4a34-aba5-9991d67e9ec9
INFO:root:[Name Server] 2026/03/30 19:25:25 GET /game-servers - []
INFO:root:[MM00] [0] 2026/03/30 19:25:25 No game servers available
INFO:root:[MM00] [0] 2026/03/30 19:25:25 Handling request locally for endpoint: /queue/poll
INFO:root:[MM00] [0] 2026/03/30 19:25:25 User "User 2" has been matched, sending game server [3] http://localhost:3003
INFO:root:[MM00] [0] 2026/03/30 19:25:27 Handling request locally for endpoint: /match/request-new-game-server
INFO:root:[MM00] [0] 2026/03/30 19:25:27 Deregistering Game Server 3
INFO:root:[Name Server] 2026/03/30 19:25:27 POST /deregister/game-server - 3
INFO:root:[MM00] [0] 2026/03/30 19:25:27 Finding a replacement Game Server for match c5374ccb-8d96-4a34-aba5-9991d67e9ec9
INFO:root:[Name Server] 2026/03/30 19:25:27 GET /game-servers - []
INFO:root:[MM00] [0] 2026/03/30 19:25:27 No game servers available
INFO:root:[MM00] [0] 2026/03/30 19:25:27 Handling request locally for endpoint: /queue/poll
INFO:root:[MM00] [0] 2026/03/30 19:25:27 User "User 1" has been matched, sending game server [3] http://localhost:3003
INFO:root:[MM00] [0] 2026/03/30 19:25:29 Handling request locally for endpoint: /match/request-new-game-server
INFO:root:[MM00] [0] 2026/03/30 19:25:29 Deregistering Game Server 3
INFO:root:[Name Server] 2026/03/30 19:25:29 POST /deregister/game-server - 3
INFO:root:[MM00] [0] 2026/03/30 19:25:29 Finding a replacement Game Server for match c5374ccb-8d96-4a34-aba5-9991d67e9ec9
INFO:root:[Name Server] 2026/03/30 19:25:29 GET /game-servers - []
INFO:root:[MM00] [0] 2026/03/30 19:25:29 No game servers available
INFO:root:[MM00] [0] 2026/03/30 19:25:29 Handling request locally for endpoint: /queue/poll
INFO:root:[MM00] [0] 2026/03/30 19:25:29 User "User 2" has been matched, sending game server [3] http://localhost:3003
INFO:root:[MM00] [0] 2026/03/30 19:25:31 Handling request locally for endpoint: /match/request-new-game-server
INFO:root:[MM00] [0] 2026/03/30 19:25:31 Deregistering Game Server 3
INFO:root:[Name Server] 2026/03/30 19:25:31 POST /deregister/game-server - 3
INFO:root:[MM00] [0] 2026/03/30 19:25:31 Finding a replacement Game Server for match c5374ccb-8d96-4a34-aba5-9991d67e9ec9
INFO:root:[Name Server] 2026/03/30 19:25:31 GET /game-servers - []
INFO:root:[MM00] [0] 2026/03/30 19:25:31 No game servers available
INFO:root:[MM00] [0] 2026/03/30 19:25:31 Handling request locally for endpoint: /queue/poll
INFO:root:[MM00] [0] 2026/03/30 19:25:31 User "User 1" has been matched, sending game server [3] http://localhost:3003
INFO:root:[MM00] [0] 2026/03/30 19:25:33 Handling request locally for endpoint: /match/request-new-game-server
INFO:root:[MM00] [0] 2026/03/30 19:25:33 Deregistering Game Server 3
INFO:root:[Name Server] 2026/03/30 19:25:33 POST /deregister/game-server - 3
INFO:root:[MM00] [0] 2026/03/30 19:25:33 Finding a replacement Game Server for match c5374ccb-8d96-4a34-aba5-9991d67e9ec9
INFO:root:[Name Server] 2026/03/30 19:25:33 GET /game-servers - []
INFO:root:[MM00] [0] 2026/03/30 19:25:33 No game servers available
INFO:root:[MM00] [0] 2026/03/30 19:25:33 Handling request locally for endpoint: /queue/poll
INFO:root:[MM00] [0] 2026/03/30 19:25:33 User "User 2" has been matched, sending game server [3] http://localhost:3003
INFO:root:[MM00] [0] 2026/03/30 19:25:35 Handling request locally for endpoint: /match/request-new-game-server
INFO:root:[MM00] [0] 2026/03/30 19:25:35 Deregistering Game Server 3
INFO:root:[Name Server] 2026/03/30 19:25:35 POST /deregister/game-server - 3
INFO:root:[MM00] [0] 2026/03/30 19:25:35 Finding a replacement Game Server for match c5374ccb-8d96-4a34-aba5-9991d67e9ec9
INFO:root:[Name Server] 2026/03/30 19:25:35 GET /game-servers - []
INFO:root:[MM00] [0] 2026/03/30 19:25:35 No game servers available
INFO:root:[MM00] [0] 2026/03/30 19:25:35 Handling request locally for endpoint: /queue/poll
INFO:root:[MM00] [0] 2026/03/30 19:25:35 User "User 1" has been matched, sending game server [3] http://localhost:3003
INFO:root:[MM00] [0] 2026/03/30 19:25:37 Handling request locally for endpoint: /match/request-new-game-server
INFO:root:[MM00] [0] 2026/03/30 19:25:37 Deregistering Game Server 3
INFO:root:[Name Server] 2026/03/30 19:25:37 POST /deregister/game-server - 3
INFO:root:[MM00] [0] 2026/03/30 19:25:37 Finding a replacement Game Server for match c5374ccb-8d96-4a34-aba5-9991d67e9ec9
INFO:root:[Name Server] 2026/03/30 19:25:37 GET /game-servers - []
INFO:root:[MM00] [0] 2026/03/30 19:25:37 No game servers available
INFO:root:[MM00] [0] 2026/03/30 19:25:37 Handling request locally for endpoint: /queue/poll
INFO:root:[MM00] [0] 2026/03/30 19:25:37 User "User 2" has been matched, sending game server [3] http://localhost:3003
INFO:root:[MM00] [0] 2026/03/30 19:25:39 Handling request locally for endpoint: /match/request-new-game-server
INFO:root:[MM00] [0] 2026/03/30 19:25:39 Deregistering Game Server 3
INFO:root:[Name Server] 2026/03/30 19:25:39 POST /deregister/game-server - 3
INFO:root:[MM00] [0] 2026/03/30 19:25:39 Finding a replacement Game Server for match c5374ccb-8d96-4a34-aba5-9991d67e9ec9
INFO:root:[Name Server] 2026/03/30 19:25:39 GET /game-servers - []
INFO:root:[MM00] [0] 2026/03/30 19:25:39 No game servers available
INFO:root:[MM00] [0] 2026/03/30 19:25:39 Handling request locally for endpoint: /queue/poll
INFO:root:[MM00] [0] 2026/03/30 19:25:39 User "User 1" has been matched, sending game server [3] http://localhost:3003
INFO:root:[MM00] [0] 2026/03/30 19:25:41 Handling request locally for endpoint: /match/request-new-game-server
INFO:root:[MM00] [0] 2026/03/30 19:25:41 Deregistering Game Server 3
INFO:root:[Name Server] 2026/03/30 19:25:41 POST /deregister/game-server - 3
INFO:root:[MM00] [0] 2026/03/30 19:25:41 Finding a replacement Game Server for match c5374ccb-8d96-4a34-aba5-9991d67e9ec9
INFO:root:[Name Server] 2026/03/30 19:25:41 GET /game-servers - []
INFO:root:[MM00] [0] 2026/03/30 19:25:41 No game servers available
INFO:root:[MM00] [0] 2026/03/30 19:25:41 Handling request locally for endpoint: /queue/poll
INFO:root:[MM00] [0] 2026/03/30 19:25:41 User "User 2" has been matched, sending game server [3] http://localhost:3003
INFO:root:[MM00] [0] 2026/03/30 19:25:43 Handling request locally for endpoint: /match/request-new-game-server
INFO:root:[MM00] [0] 2026/03/30 19:25:43 Deregistering Game Server 3
INFO:root:[Name Server] 2026/03/30 19:25:43 POST /deregister/game-server - 3
INFO:root:[MM00] [0] 2026/03/30 19:25:43 Finding a replacement Game Server for match c5374ccb-8d96-4a34-aba5-9991d67e9ec9
INFO:root:[Name Server] 2026/03/30 19:25:43 GET /game-servers - []
INFO:root:[MM00] [0] 2026/03/30 19:25:43 No game servers available
INFO:root:[MM00] [0] 2026/03/30 19:25:43 Handling request locally for endpoint: /queue/poll
INFO:root:[MM00] [0] 2026/03/30 19:25:43 User "User 1" has been matched, sending game server [3] http://localhost:3003
INFO:root:[MM00] [0] 2026/03/30 19:25:45 Handling request locally for endpoint: /match/request-new-game-server
INFO:root:[MM00] [0] 2026/03/30 19:25:45 Deregistering Game Server 3
INFO:root:[Name Server] 2026/03/30 19:25:45 POST /deregister/game-server - 3
INFO:root:[MM00] [0] 2026/03/30 19:25:45 Finding a replacement Game Server for match c5374ccb-8d96-4a34-aba5-9991d67e9ec9
INFO:root:[Name Server] 2026/03/30 19:25:45 GET /game-servers - []
INFO:root:[MM00] [0] 2026/03/30 19:25:45 No game servers available
INFO:root:[MM00] [0] 2026/03/30 19:25:45 Handling request locally for endpoint: /queue/poll
INFO:root:[MM00] [0] 2026/03/30 19:25:45 User "User 2" has been matched, sending game server [3] http://localhost:3003
INFO:root:[MM00] [0] 2026/03/30 19:25:47 Handling request locally for endpoint: /match/request-new-game-server
INFO:root:[MM00] [0] 2026/03/30 19:25:47 Deregistering Game Server 3
INFO:root:[Name Server] 2026/03/30 19:25:47 POST /deregister/game-server - 3
INFO:root:[MM00] [0] 2026/03/30 19:25:47 Finding a replacement Game Server for match c5374ccb-8d96-4a34-aba5-9991d67e9ec9
INFO:root:[Name Server] 2026/03/30 19:25:47 GET /game-servers - []
INFO:root:[MM00] [0] 2026/03/30 19:25:47 No game servers available
INFO:root:[MM00] [0] 2026/03/30 19:25:47 Handling request locally for endpoint: /queue/poll
INFO:root:[MM00] [0] 2026/03/30 19:25:47 User "User 1" has been matched, sending game server [3] http://localhost:3003
INFO:root:[Name Server] exit status 0xc000013a
DEBUG:root:[Name Server] Terminated
INFO:root:[Front-end Server] ^CTerminate batch job (Y/N)?
DEBUG:root:[Front-end Server] Terminated
INFO:root:[MM00] exit status 0xc000013a
DEBUG:root:[MM00] Terminated
INFO:root:[Name Server] 2026/03/30 19:25:55 Name Server running on http://localhost:9000
INFO:root:[Front-end Server] 
INFO:root:[Front-end Server] > checkered@0.0.0 dev
INFO:root:[Front-end Server] > vite
INFO:root:[Front-end Server] 
INFO:root:[Front-end Server] 
INFO:root:[Front-end Server]   [32m[1mVITE[22m v7.3.1[39m  [2mready in [0m[1m301[22m[2m[0m ms[22m
INFO:root:[Front-end Server] 
INFO:root:[Front-end Server]   [32m➜[39m  [1mLocal[22m:   [36mhttp://localhost:[1m5173[22m/[39m
INFO:root:[Front-end Server] [2m  [32m➜[39m  [1mNetwork[22m[2m: use [22m[1m--host[22m[2m to expose[22m
INFO:root:Created gameserver with pid: "GS00"
INFO:root:Created matchmaker with pid: "MM00"
INFO:root:[GS00] 2026/03/30 19:26:08 Using name server located at http://localhost:9000
INFO:root:[GS00] 2026/03/30 19:26:08 Game Server running on http://localhost:3000
INFO:root:[Name Server] 2026/03/30 19:26:08 POST /register/game-server - http://localhost:3000
INFO:root:[GS00] 2026/03/30 19:26:08 Registered with ID: 0
INFO:root:[Name Server] 2026/03/30 19:26:08 GET /game-servers - [{"id":0,"url":"http://localhost:3000"}]
INFO:root:[GS00] [0] 2026/03/30 19:26:08 Refreshed the list of other Game Servers
INFO:root:[MM00] 2026/03/30 19:26:08 Using name server located at http://localhost:9000
INFO:root:[MM00] 2026/03/30 19:26:08 Matchmaker running on http://localhost:2000
INFO:root:[Name Server] 2026/03/30 19:26:08 POST /register/matchmaker - http://localhost:2000
INFO:root:[MM00] 2026/03/30 19:26:08 Registered with ID: 0
INFO:root:[MM00] [0] 2026/03/30 19:26:08 Initiating a leader election
INFO:root:[Name Server] 2026/03/30 19:26:08 Matchmakers:  1
INFO:root:[MM00] [0] 2026/03/30 19:26:08 Refreshed the list of other Matchmakers
INFO:root:[Name Server] 2026/03/30 19:26:08 GET /matchmakers - [{"id":0,"url":"http://localhost:2000"}]
INFO:root:[MM00] [0] 2026/03/30 19:26:08 Declaring itself leader as it has the highest ID: 0
INFO:root:[MM00] [0] 2026/03/30 19:26:08 Sending leader(0) messages
INFO:root:Created gameserver with pid: "GS01"
INFO:root:[GS01] 2026/03/30 19:26:16 Using name server located at http://localhost:9000
INFO:root:[GS01] 2026/03/30 19:26:16 Game Server running on http://localhost:3001
INFO:root:[Name Server] 2026/03/30 19:26:16 POST /register/game-server - http://localhost:3001
INFO:root:[GS01] 2026/03/30 19:26:16 Registered with ID: 1
INFO:root:[Name Server] 2026/03/30 19:26:16 GET /game-servers - [{"id":0,"url":"http://localhost:3000"},{"id":1,"url":"http://localhost:3001"}]
INFO:root:[GS01] [1] 2026/03/30 19:26:16 Refreshed the list of other Game Servers
INFO:root:[GS01] [1] 2026/03/30 19:26:16     0: http://localhost:3000
INFO:root:[Name Server] 2026/03/30 19:26:18 Matchmakers:  1
INFO:root:[Name Server] 2026/03/30 19:26:18 GET /matchmakers - [{"id":0,"url":"http://localhost:2000"}]
INFO:root:[MM00] [0] 2026/03/30 19:26:19 Handling request locally for endpoint: /queue/add
INFO:root:[MM00] [0] 2026/03/30 19:26:19 Adding "User 1" to queue
INFO:root:[Name Server] 2026/03/30 19:26:19 Matchmakers:  1
INFO:root:[Name Server] 2026/03/30 19:26:19 GET /matchmakers - [{"id":0,"url":"http://localhost:2000"}]
INFO:root:[MM00] [0] 2026/03/30 19:26:19 Handling request locally for endpoint: /queue/poll
INFO:root:[MM00] [0] 2026/03/30 19:26:19 Handling request locally for endpoint: /queue/add
INFO:root:[Name Server] 2026/03/30 19:26:19 GET /game-servers - [{"id":0,"url":"http://localhost:3000"},{"id":1,"url":"http://localhost:3001"}]
INFO:root:[MM00] [0] 2026/03/30 19:26:19 Adding "User 2" to queue
INFO:root:[MM00] [0] 2026/03/30 19:26:19 Picked game server: http://localhost:3000 (ID: 0)
INFO:root:[GS00] [0] 2026/03/30 19:26:19 Broadcasting snapshot for game: 5dd9056e-250d-44c6-8d28-8c65224f9d08
INFO:root:[Name Server] 2026/03/30 19:26:19 GET /game-servers - [{"id":0,"url":"http://localhost:3000"},{"id":1,"url":"http://localhost:3001"}]
INFO:root:[GS00] [0] 2026/03/30 19:26:19 Refreshed the list of other Game Servers
INFO:root:[GS00] [0] 2026/03/30 19:26:19     1: http://localhost:3001
INFO:root:[GS00] [0] 2026/03/30 19:26:19 Sending request to: http://localhost:3001/internal
INFO:root:[GS01] [1] 2026/03/30 19:26:19 Received broadcast
INFO:root:[GS00] [0] 2026/03/30 19:26:19 Message Broadcast Successful
INFO:root:[GS01] [1] 2026/03/30 19:26:19 Received snapshot for game 5dd9056e-250d-44c6-8d28-8c65224f9d08
INFO:root:[MM00] [0] 2026/03/30 19:26:19 Match created: User 1 (red) vs User 2 (black)
INFO:root:[GS00] [0] 2026/03/30 19:26:19 Created pending game: 5dd9056e-250d-44c6-8d28-8c65224f9d08
INFO:root:[GS01] [1] 2026/03/30 19:26:19 Created game 5dd9056e-250d-44c6-8d28-8c65224f9d08
INFO:root:[GS01] [1] 2026/03/30 19:26:19 Updated game 5dd9056e-250d-44c6-8d28-8c65224f9d08
INFO:root:[MM00] [0] 2026/03/30 19:26:19 Handling request locally for endpoint: /queue/poll
INFO:root:[MM00] [0] 2026/03/30 19:26:19 User "User 2" has been matched, sending game server [0] http://localhost:3000
INFO:root:[GS00] [0] 2026/03/30 19:26:19 Client "User 2" connected
INFO:root:[GS00] [0] 2026/03/30 19:26:19 Game Identified 5dd9056e-250d-44c6-8d28-8c65224f9d08
INFO:root:[GS00] [0] 2026/03/30 19:26:19 Waiting for opponent
INFO:root:[MM00] [0] 2026/03/30 19:26:21 Handling request locally for endpoint: /queue/poll
INFO:root:[MM00] [0] 2026/03/30 19:26:21 User "User 1" has been matched, sending game server [0] http://localhost:3000
INFO:root:[GS00] [0] 2026/03/30 19:26:21 Client "User 1" connected
INFO:root:[GS00] [0] 2026/03/30 19:26:21 Game Identified 5dd9056e-250d-44c6-8d28-8c65224f9d08
INFO:root:[GS00] [0] 2026/03/30 19:26:21 Starting game: 5dd9056e-250d-44c6-8d28-8c65224f9d08
INFO:root:[Name Server] 2026/03/30 19:26:28 GET /game-servers - [{"id":0,"url":"http://localhost:3000"},{"id":1,"url":"http://localhost:3001"}]
INFO:root:[GS00] [0] 2026/03/30 19:26:28 Refreshed the list of other Game Servers
INFO:root:[GS00] [0] 2026/03/30 19:26:28     1: http://localhost:3001
INFO:root:[GS00] [0] 2026/03/30 19:26:28 Broadcasting snapshot for game: 5dd9056e-250d-44c6-8d28-8c65224f9d08
INFO:root:[Name Server] 2026/03/30 19:26:28 GET /game-servers - [{"id":0,"url":"http://localhost:3000"},{"id":1,"url":"http://localhost:3001"}]
INFO:root:[GS00] [0] 2026/03/30 19:26:28 Refreshed the list of other Game Servers
INFO:root:[GS00] [0] 2026/03/30 19:26:28     1: http://localhost:3001
INFO:root:[GS01] [1] 2026/03/30 19:26:28 Received broadcast
INFO:root:[GS00] [0] 2026/03/30 19:26:28 Sending request to: http://localhost:3001/internal
INFO:root:[GS01] [1] 2026/03/30 19:26:28 Received snapshot for game 5dd9056e-250d-44c6-8d28-8c65224f9d08
INFO:root:[GS00] [0] 2026/03/30 19:26:28 Message Broadcast Successful
INFO:root:[GS01] [1] 2026/03/30 19:26:28 Updated game 5dd9056e-250d-44c6-8d28-8c65224f9d08
INFO:root:[GS00] [0] 2026/03/30 19:26:30 Broadcasting snapshot for game: 5dd9056e-250d-44c6-8d28-8c65224f9d08
INFO:root:[Name Server] 2026/03/30 19:26:30 GET /game-servers - [{"id":0,"url":"http://localhost:3000"},{"id":1,"url":"http://localhost:3001"}]
INFO:root:[GS00] [0] 2026/03/30 19:26:30 Refreshed the list of other Game Servers
INFO:root:[GS01] [1] 2026/03/30 19:26:30 Received broadcast
INFO:root:[GS00] [0] 2026/03/30 19:26:30     1: http://localhost:3001
INFO:root:[GS01] [1] 2026/03/30 19:26:30 Received snapshot for game 5dd9056e-250d-44c6-8d28-8c65224f9d08
INFO:root:[GS01] [1] 2026/03/30 19:26:30 Updated game 5dd9056e-250d-44c6-8d28-8c65224f9d08
INFO:root:[GS00] [0] 2026/03/30 19:26:30 Sending request to: http://localhost:3001/internal
INFO:root:[GS00] [0] 2026/03/30 19:26:30 Message Broadcast Successful
INFO:root:[GS00] [0] 2026/03/30 19:26:31 Broadcasting snapshot for game: 5dd9056e-250d-44c6-8d28-8c65224f9d08
INFO:root:[Name Server] 2026/03/30 19:26:31 GET /game-servers - [{"id":0,"url":"http://localhost:3000"},{"id":1,"url":"http://localhost:3001"}]
INFO:root:[GS00] [0] 2026/03/30 19:26:31 Refreshed the list of other Game Servers
INFO:root:[GS00] [0] 2026/03/30 19:26:31     1: http://localhost:3001
INFO:root:[GS01] [1] 2026/03/30 19:26:31 Received broadcast
INFO:root:[GS00] [0] 2026/03/30 19:26:31 Sending request to: http://localhost:3001/internal
INFO:root:[GS01] [1] 2026/03/30 19:26:31 Received snapshot for game 5dd9056e-250d-44c6-8d28-8c65224f9d08
INFO:root:[GS00] [0] 2026/03/30 19:26:31 Message Broadcast Successful
INFO:root:[GS01] [1] 2026/03/30 19:26:31 Updated game 5dd9056e-250d-44c6-8d28-8c65224f9d08
INFO:root:[Name Server] 2026/03/30 19:26:36 GET /game-servers - [{"id":0,"url":"http://localhost:3000"},{"id":1,"url":"http://localhost:3001"}]
INFO:root:[GS01] [1] 2026/03/30 19:26:36 Refreshed the list of other Game Servers
INFO:root:[GS01] [1] 2026/03/30 19:26:36     0: http://localhost:3000
INFO:root:Killing game server "GS00"
INFO:root:[MM00] [0] 2026/03/30 19:26:39 Handling request locally for endpoint: /match/request-new-game-server
DEBUG:root:[GS00] Terminated
INFO:root:[MM00] [0] 2026/03/30 19:26:39 Handling request locally for endpoint: /match/request-new-game-server
INFO:root:Game server "GS00" killed
INFO:root:[MM00] [0] 2026/03/30 19:26:39 Deregistering Game Server 0
INFO:root:[Name Server] 2026/03/30 19:26:39 POST /deregister/game-server - 0
INFO:root:[MM00] [0] 2026/03/30 19:26:39 Finding a replacement Game Server for match 5dd9056e-250d-44c6-8d28-8c65224f9d08
INFO:root:[Name Server] 2026/03/30 19:26:39 GET /game-servers - [{"id":1,"url":"http://localhost:3001"}]
INFO:root:[GS01] [1] 2026/03/30 19:26:39 Taking over game: 5dd9056e-250d-44c6-8d28-8c65224f9d08
INFO:root:[Name Server] 2026/03/30 19:26:39 GET /game-servers - [{"id":1,"url":"http://localhost:3001"}]
INFO:root:[GS01] [1] 2026/03/30 19:26:39 Broadcasting snapshot for game: 5dd9056e-250d-44c6-8d28-8c65224f9d08
INFO:root:[MM00] [0] 2026/03/30 19:26:39 Match 5dd9056e-250d-44c6-8d28-8c65224f9d08 moved to Game Server [1] http://localhost:3001
INFO:root:[GS01] [1] 2026/03/30 19:26:39 Refreshed the list of other Game Servers
INFO:root:[GS01] [1] 2026/03/30 19:26:39 Message Broadcast Successful
INFO:root:[MM00] [0] 2026/03/30 19:26:39 Handling request locally for endpoint: /queue/poll
INFO:root:[MM00] [0] 2026/03/30 19:26:39 User "User 2" has been matched, sending game server [1] http://localhost:3001
INFO:root:[MM00] [0] 2026/03/30 19:26:39 Handling request locally for endpoint: /queue/poll
INFO:root:[MM00] [0] 2026/03/30 19:26:39 User "User 1" has been matched, sending game server [1] http://localhost:3001
INFO:root:[GS01] [1] 2026/03/30 19:26:40 Client "User 1" connected
INFO:root:[GS01] [1] 2026/03/30 19:26:40 Game Identified 5dd9056e-250d-44c6-8d28-8c65224f9d08
INFO:root:[GS01] [1] 2026/03/30 19:26:40 Waiting for opponent
INFO:root:[GS01] [1] 2026/03/30 19:26:40 Client "User 2" connected
INFO:root:[GS01] [1] 2026/03/30 19:26:40 Game Identified 5dd9056e-250d-44c6-8d28-8c65224f9d08
INFO:root:[GS01] [1] 2026/03/30 19:26:40 Starting game: 5dd9056e-250d-44c6-8d28-8c65224f9d08
INFO:root:[GS01] [1] 2026/03/30 19:26:43 Broadcasting snapshot for game: 5dd9056e-250d-44c6-8d28-8c65224f9d08
INFO:root:[Name Server] 2026/03/30 19:26:43 GET /game-servers - [{"id":1,"url":"http://localhost:3001"}]
INFO:root:[GS01] [1] 2026/03/30 19:26:43 Refreshed the list of other Game Servers
INFO:root:[GS01] [1] 2026/03/30 19:26:43 Message Broadcast Successful
INFO:root:Created gameserver with pid: "GS02"
INFO:root:[GS02] 2026/03/30 19:26:48 Using name server located at http://localhost:9000
INFO:root:[GS02] 2026/03/30 19:26:48 Game Server running on http://localhost:3002
INFO:root:[Name Server] 2026/03/30 19:26:48 POST /register/game-server - http://localhost:3002
INFO:root:[GS02] 2026/03/30 19:26:48 Registered with ID: 2
INFO:root:[Name Server] 2026/03/30 19:26:48 GET /game-servers - [{"id":1,"url":"http://localhost:3001"},{"id":2,"url":"http://localhost:3002"}]
INFO:root:[GS02] [2] 2026/03/30 19:26:48 Refreshed the list of other Game Servers
INFO:root:[GS02] [2] 2026/03/30 19:26:48     1: http://localhost:3001
INFO:root:[GS01] [1] 2026/03/30 19:26:51 Broadcasting snapshot for game: 5dd9056e-250d-44c6-8d28-8c65224f9d08
INFO:root:[Name Server] 2026/03/30 19:26:51 GET /game-servers - [{"id":1,"url":"http://localhost:3001"},{"id":2,"url":"http://localhost:3002"}]
INFO:root:[GS01] [1] 2026/03/30 19:26:51 Refreshed the list of other Game Servers
INFO:root:[GS01] [1] 2026/03/30 19:26:51     2: http://localhost:3002
INFO:root:[GS01] [1] 2026/03/30 19:26:51 Sending request to: http://localhost:3002/internal
INFO:root:[GS02] [2] 2026/03/30 19:26:51 Received broadcast
INFO:root:[GS01] [1] 2026/03/30 19:26:51 Message Broadcast Successful
INFO:root:[GS02] [2] 2026/03/30 19:26:51 Received snapshot for game 5dd9056e-250d-44c6-8d28-8c65224f9d08
INFO:root:[GS02] [2] 2026/03/30 19:26:51 Created game 5dd9056e-250d-44c6-8d28-8c65224f9d08
INFO:root:[GS02] [2] 2026/03/30 19:26:51 Updated game 5dd9056e-250d-44c6-8d28-8c65224f9d08
INFO:root:[GS01] [1] 2026/03/30 19:26:53 Broadcasting snapshot for game: 5dd9056e-250d-44c6-8d28-8c65224f9d08
INFO:root:[Name Server] 2026/03/30 19:26:53 GET /game-servers - [{"id":1,"url":"http://localhost:3001"},{"id":2,"url":"http://localhost:3002"}]
INFO:root:[GS01] [1] 2026/03/30 19:26:53 Refreshed the list of other Game Servers
INFO:root:[GS02] [2] 2026/03/30 19:26:53 Received broadcast
INFO:root:[GS01] [1] 2026/03/30 19:26:53     2: http://localhost:3002
INFO:root:[GS02] [2] 2026/03/30 19:26:53 Received snapshot for game 5dd9056e-250d-44c6-8d28-8c65224f9d08
INFO:root:[GS01] [1] 2026/03/30 19:26:53 Sending request to: http://localhost:3002/internal
INFO:root:[GS02] [2] 2026/03/30 19:26:53 Updated game 5dd9056e-250d-44c6-8d28-8c65224f9d08
INFO:root:[GS01] [1] 2026/03/30 19:26:53 Message Broadcast Successful
INFO:root:[Name Server] 2026/03/30 19:26:56 GET /game-servers - [{"id":1,"url":"http://localhost:3001"},{"id":2,"url":"http://localhost:3002"}]
INFO:root:[GS01] [1] 2026/03/30 19:26:56 Refreshed the list of other Game Servers
INFO:root:[GS01] [1] 2026/03/30 19:26:56     2: http://localhost:3002
INFO:root:Killing game server "GS01"
INFO:root:[MM00] [0] 2026/03/30 19:26:59 Handling request locally for endpoint: /match/request-new-game-server
INFO:root:[MM00] [0] 2026/03/30 19:26:59 Handling request locally for endpoint: /match/request-new-game-server
DEBUG:root:[GS01] Terminated
INFO:root:Game server "GS01" killed
INFO:root:[MM00] [0] 2026/03/30 19:26:59 Deregistering Game Server 1
INFO:root:[Name Server] 2026/03/30 19:26:59 POST /deregister/game-server - 1
INFO:root:[MM00] [0] 2026/03/30 19:26:59 Finding a replacement Game Server for match 5dd9056e-250d-44c6-8d28-8c65224f9d08
INFO:root:[Name Server] 2026/03/30 19:26:59 GET /game-servers - [{"id":2,"url":"http://localhost:3002"}]
INFO:root:[GS02] [2] 2026/03/30 19:26:59 Taking over game: 5dd9056e-250d-44c6-8d28-8c65224f9d08
INFO:root:[Name Server] 2026/03/30 19:26:59 GET /game-servers - [{"id":2,"url":"http://localhost:3002"}]
INFO:root:[GS02] [2] 2026/03/30 19:26:59 Broadcasting snapshot for game: 5dd9056e-250d-44c6-8d28-8c65224f9d08
INFO:root:[MM00] [0] 2026/03/30 19:26:59 Match 5dd9056e-250d-44c6-8d28-8c65224f9d08 moved to Game Server [2] http://localhost:3002
INFO:root:[GS02] [2] 2026/03/30 19:26:59 Refreshed the list of other Game Servers
INFO:root:[GS02] [2] 2026/03/30 19:26:59 Message Broadcast Successful
INFO:root:[MM00] [0] 2026/03/30 19:26:59 Handling request locally for endpoint: /queue/poll
INFO:root:[MM00] [0] 2026/03/30 19:26:59 User "User 1" has been matched, sending game server [2] http://localhost:3002
INFO:root:[MM00] [0] 2026/03/30 19:26:59 Handling request locally for endpoint: /queue/poll
INFO:root:[MM00] [0] 2026/03/30 19:26:59 User "User 2" has been matched, sending game server [2] http://localhost:3002
INFO:root:[GS02] [2] 2026/03/30 19:26:59 Client "User 1" connected
INFO:root:[GS02] [2] 2026/03/30 19:26:59 Game Identified 5dd9056e-250d-44c6-8d28-8c65224f9d08
INFO:root:[GS02] [2] 2026/03/30 19:26:59 Waiting for opponent
INFO:root:[GS02] [2] 2026/03/30 19:26:59 Client "User 2" connected
INFO:root:[GS02] [2] 2026/03/30 19:26:59 Game Identified 5dd9056e-250d-44c6-8d28-8c65224f9d08
INFO:root:[GS02] [2] 2026/03/30 19:26:59 Starting game: 5dd9056e-250d-44c6-8d28-8c65224f9d08
INFO:root:[GS02] [2] 2026/03/30 19:27:01 Broadcasting snapshot for game: 5dd9056e-250d-44c6-8d28-8c65224f9d08
INFO:root:[Name Server] 2026/03/30 19:27:01 GET /game-servers - [{"id":2,"url":"http://localhost:3002"}]
INFO:root:[GS02] [2] 2026/03/30 19:27:01 Refreshed the list of other Game Servers
INFO:root:[GS02] [2] 2026/03/30 19:27:01 Message Broadcast Successful
INFO:root:[GS02] [2] 2026/03/30 19:27:04 Sending game result to matchmaker: (game=5dd9056e-250d-44c6-8d28-8c65224f9d08, draw)
INFO:root:[GS02] [2] 2026/03/30 19:27:04 Handling game result (game=5dd9056e-250d-44c6-8d28-8c65224f9d08)
INFO:root:[GS02] [2] 2026/03/30 19:27:04 Broadcasting snapshot for game: 5dd9056e-250d-44c6-8d28-8c65224f9d08
INFO:root:[Name Server] 2026/03/30 19:27:04 GET /game-servers - [{"id":2,"url":"http://localhost:3002"}]
INFO:root:[GS02] [2] 2026/03/30 19:27:04 Refreshed the list of other Game Servers
INFO:root:[GS02] [2] 2026/03/30 19:27:04 Message Broadcast Successful
INFO:root:[Name Server] 2026/03/30 19:27:04 Matchmakers:  1
INFO:root:[GS02] [2] 2026/03/30 19:27:04 Selected match making server: http://localhost:2000 (ID: 0)
INFO:root:[Name Server] 2026/03/30 19:27:04 GET /matchmakers - [{"id":0,"url":"http://localhost:2000"}]
INFO:root:[GS02] [2] 2026/03/30 19:27:04 User User 2 disconnected
INFO:root:[GS02] [2] 2026/03/30 19:27:04 Sending game result to matchmaker: (game=5dd9056e-250d-44c6-8d28-8c65224f9d08, winner=User 1, loser=User 2)
INFO:root:[GS02] [2] 2026/03/30 19:27:04 User User 2 disconnected
INFO:root:[GS02] [2] 2026/03/30 19:27:04 User User 1 disconnected
INFO:root:[MM00] [0] 2026/03/30 19:27:04 Handling request locally for endpoint: /match/updateleaderboard
INFO:root:[GS02] [2] 2026/03/30 19:27:04 Leaderboard updated!
INFO:root:[MM00] [0] 2026/03/30 19:27:04 Updating leaderboard (game=5dd9056e-250d-44c6-8d28-8c65224f9d08, winner=%!s(*string=<nil>), loser=%!s(*string=<nil>))
INFO:root:[MM00] [0] 2026/03/30 19:27:04 Game Result: (game=5dd9056e-250d-44c6-8d28-8c65224f9d08, draw)
INFO:root:[MM00] [0] 2026/03/30 19:27:04 Handling request locally for endpoint: /match/end
INFO:root:[GS02] [2] 2026/03/30 19:27:04 Attempted unregister
INFO:root:[MM00] [0] 2026/03/30 19:27:04 Match 5dd9056e-250d-44c6-8d28-8c65224f9d08 ended and removed
INFO:root:[GS02] [2] 2026/03/30 19:27:04 Handling game result (game=5dd9056e-250d-44c6-8d28-8c65224f9d08)
INFO:root:[GS02] [2] 2026/03/30 19:27:04 Game 5dd9056e-250d-44c6-8d28-8c65224f9d08 does not exist
INFO:root:[MM00] [0] 2026/03/30 19:27:05 Handling request locally for endpoint: /leaderboard
INFO:root:[MM00] [0] 2026/03/30 19:27:05 Handling request locally for endpoint: /leaderboard
INFO:root:[Name Server] 2026/03/30 19:27:08 GET /game-servers - [{"id":2,"url":"http://localhost:3002"}]
INFO:root:[GS02] [2] 2026/03/30 19:27:08 Refreshed the list of other Game Servers
INFO:root:[MM00] [0] 2026/03/30 19:27:10 Handling request locally for endpoint: /leaderboard
INFO:root:[MM00] [0] 2026/03/30 19:27:10 Handling request locally for endpoint: /leaderboard
INFO:root:[Name Server] 2026/03/30 19:27:28 GET /game-servers - [{"id":2,"url":"http://localhost:3002"}]
INFO:root:[GS02] [2] 2026/03/30 19:27:28 Refreshed the list of other Game Servers
INFO:root:[Name Server] 2026/03/30 19:27:48 GET /game-servers - [{"id":2,"url":"http://localhost:3002"}]
INFO:root:[GS02] [2] 2026/03/30 19:27:48 Refreshed the list of other Game Servers
INFO:root:[Name Server] 2026/03/30 19:28:08 GET /game-servers - [{"id":2,"url":"http://localhost:3002"}]
INFO:root:[GS02] [2] 2026/03/30 19:28:08 Refreshed the list of other Game Servers
INFO:root:[MM00] [0] 2026/03/30 19:28:14 Handling request locally for endpoint: /leaderboard
INFO:root:[MM00] [0] 2026/03/30 19:28:14 Handling request locally for endpoint: /leaderboard
INFO:root:[MM00] [0] 2026/03/30 19:28:16 Handling request locally for endpoint: /leaderboard
INFO:root:[MM00] [0] 2026/03/30 19:28:16 Handling request locally for endpoint: /leaderboard
INFO:root:[Name Server] 2026/03/30 19:28:28 GET /game-servers - [{"id":2,"url":"http://localhost:3002"}]
INFO:root:[GS02] [2] 2026/03/30 19:28:28 Refreshed the list of other Game Servers
INFO:root:[Name Server] 2026/03/30 19:28:48 GET /game-servers - [{"id":2,"url":"http://localhost:3002"}]
INFO:root:[GS02] [2] 2026/03/30 19:28:48 Refreshed the list of other Game Servers
INFO:root:[Name Server] 2026/03/30 19:29:08 GET /game-servers - [{"id":2,"url":"http://localhost:3002"}]
INFO:root:[GS02] [2] 2026/03/30 19:29:08 Refreshed the list of other Game Servers
INFO:root:[Name Server] 2026/03/30 19:29:28 GET /game-servers - [{"id":2,"url":"http://localhost:3002"}]
INFO:root:[GS02] [2] 2026/03/30 19:29:28 Refreshed the list of other Game Servers
INFO:root:[Name Server] 2026/03/30 19:29:48 GET /game-servers - [{"id":2,"url":"http://localhost:3002"}]
INFO:root:[GS02] [2] 2026/03/30 19:29:48 Refreshed the list of other Game Servers
INFO:root:[Name Server] 2026/03/30 19:30:08 GET /game-servers - [{"id":2,"url":"http://localhost:3002"}]
INFO:root:[GS02] [2] 2026/03/30 19:30:08 Refreshed the list of other Game Servers
INFO:root:[Name Server] 2026/03/30 19:30:28 GET /game-servers - [{"id":2,"url":"http://localhost:3002"}]
INFO:root:[GS02] [2] 2026/03/30 19:30:28 Refreshed the list of other Game Servers
INFO:root:[Name Server] 2026/03/30 19:30:48 GET /game-servers - [{"id":2,"url":"http://localhost:3002"}]
INFO:root:[GS02] [2] 2026/03/30 19:30:48 Refreshed the list of other Game Servers
INFO:root:[Name Server] 2026/03/30 19:31:08 GET /game-servers - [{"id":2,"url":"http://localhost:3002"}]
INFO:root:[GS02] [2] 2026/03/30 19:31:08 Refreshed the list of other Game Servers
INFO:root:[Name Server] 2026/03/30 19:31:28 GET /game-servers - [{"id":2,"url":"http://localhost:3002"}]
INFO:root:[GS02] [2] 2026/03/30 19:31:28 Refreshed the list of other Game Servers
INFO:root:[Name Server] 2026/03/30 19:31:48 GET /game-servers - [{"id":2,"url":"http://localhost:3002"}]
INFO:root:[GS02] [2] 2026/03/30 19:31:48 Refreshed the list of other Game Servers
INFO:root:[Name Server] 2026/03/30 19:32:08 GET /game-servers - [{"id":2,"url":"http://localhost:3002"}]
INFO:root:[GS02] [2] 2026/03/30 19:32:08 Refreshed the list of other Game Servers
INFO:root:[Name Server] 2026/03/30 19:32:28 GET /game-servers - [{"id":2,"url":"http://localhost:3002"}]
INFO:root:[GS02] [2] 2026/03/30 19:32:28 Refreshed the list of other Game Servers
INFO:root:[Name Server] exit status 0xc000013a
DEBUG:root:[Name Server] Terminated
INFO:root:[Front-end Server] ^CTerminate batch job (Y/N)?
DEBUG:root:[Front-end Server] Terminated
INFO:root:[MM00] exit status 0xc000013a
DEBUG:root:[MM00] Terminated
INFO:root:[GS02] exit status 0xc000013a
DEBUG:root:[GS02] Terminated
INFO:root:[Name Server] 2026/03/30 19:32:39 Name Server running on http://localhost:9000
INFO:root:[Front-end Server] 
INFO:root:[Front-end Server] > checkered@0.0.0 dev
INFO:root:[Front-end Server] > vite
INFO:root:[Front-end Server] 
INFO:root:[Front-end Server] 
INFO:root:[Front-end Server]   [32m[1mVITE[22m v7.3.1[39m  [2mready in [0m[1m289[22m[2m[0m ms[22m
INFO:root:[Front-end Server] 
INFO:root:[Front-end Server]   [32m➜[39m  [1mLocal[22m:   [36mhttp://localhost:[1m5173[22m/[39m
INFO:root:[Front-end Server] [2m  [32m➜[39m  [1mNetwork[22m[2m: use [22m[1m--host[22m[2m to expose[22m
INFO:root:Created matchmaker with pid: "MM00"
INFO:root:Created gameserver with pid: "GS00"
INFO:root:Created gameserver with pid: "GS01"
INFO:root:[GS00] 2026/03/30 19:32:49 Using name server located at http://localhost:9000
INFO:root:[GS00] 2026/03/30 19:32:49 Game Server running on http://localhost:3000
INFO:root:[Name Server] 2026/03/30 19:32:49 POST /register/game-server - http://localhost:3000
INFO:root:[GS00] 2026/03/30 19:32:49 Registered with ID: 0
INFO:root:[Name Server] 2026/03/30 19:32:49 GET /game-servers - [{"id":0,"url":"http://localhost:3000"}]
INFO:root:[GS00] [0] 2026/03/30 19:32:49 Refreshed the list of other Game Servers
INFO:root:[MM00] 2026/03/30 19:32:49 Using name server located at http://localhost:9000
INFO:root:[MM00] 2026/03/30 19:32:49 Matchmaker running on http://localhost:2000
INFO:root:[Name Server] 2026/03/30 19:32:49 POST /register/matchmaker - http://localhost:2000
INFO:root:[MM00] 2026/03/30 19:32:49 Registered with ID: 0
INFO:root:[MM00] [0] 2026/03/30 19:32:49 Initiating a leader election
INFO:root:[Name Server] 2026/03/30 19:32:49 Matchmakers:  1
INFO:root:[MM00] [0] 2026/03/30 19:32:49 Refreshed the list of other Matchmakers
INFO:root:[Name Server] 2026/03/30 19:32:49 GET /matchmakers - [{"id":0,"url":"http://localhost:2000"}]
INFO:root:[MM00] [0] 2026/03/30 19:32:49 Declaring itself leader as it has the highest ID: 0
INFO:root:[MM00] [0] 2026/03/30 19:32:49 Sending leader(0) messages
INFO:root:[GS01] 2026/03/30 19:32:49 Using name server located at http://localhost:9000
INFO:root:[GS01] 2026/03/30 19:32:49 Game Server running on http://localhost:3001
INFO:root:[Name Server] 2026/03/30 19:32:49 POST /register/game-server - http://localhost:3001
INFO:root:[GS01] 2026/03/30 19:32:49 Registered with ID: 1
INFO:root:[Name Server] 2026/03/30 19:32:49 GET /game-servers - [{"id":0,"url":"http://localhost:3000"},{"id":1,"url":"http://localhost:3001"}]
INFO:root:[GS01] [1] 2026/03/30 19:32:49 Refreshed the list of other Game Servers
INFO:root:[GS01] [1] 2026/03/30 19:32:49     0: http://localhost:3000
INFO:root:[Name Server] 2026/03/30 19:32:55 Matchmakers:  1
INFO:root:[Name Server] 2026/03/30 19:32:55 GET /matchmakers - [{"id":0,"url":"http://localhost:2000"}]
INFO:root:[Name Server] 2026/03/30 19:32:55 Matchmakers:  1
INFO:root:[Name Server] 2026/03/30 19:32:55 GET /matchmakers - [{"id":0,"url":"http://localhost:2000"}]
INFO:root:[MM00] [0] 2026/03/30 19:32:55 Handling request locally for endpoint: /queue/add
INFO:root:[MM00] [0] 2026/03/30 19:32:55 Adding "User 1" to queue
INFO:root:[MM00] [0] 2026/03/30 19:32:55 Handling request locally for endpoint: /queue/add
INFO:root:[Name Server] 2026/03/30 19:32:55 GET /game-servers - [{"id":0,"url":"http://localhost:3000"},{"id":1,"url":"http://localhost:3001"}]
INFO:root:[MM00] [0] 2026/03/30 19:32:55 Adding "User 2" to queue
INFO:root:[MM00] [0] 2026/03/30 19:32:55 Picked game server: http://localhost:3000 (ID: 0)
INFO:root:[GS00] [0] 2026/03/30 19:32:55 Broadcasting snapshot for game: 598ed918-b8a8-4ae1-b2a4-925928b454af
INFO:root:[Name Server] 2026/03/30 19:32:55 GET /game-servers - [{"id":0,"url":"http://localhost:3000"},{"id":1,"url":"http://localhost:3001"}]
INFO:root:[GS00] [0] 2026/03/30 19:32:55 Refreshed the list of other Game Servers
INFO:root:[GS00] [0] 2026/03/30 19:32:55     1: http://localhost:3001
INFO:root:[GS00] [0] 2026/03/30 19:32:55 Sending request to: http://localhost:3001/internal
INFO:root:[GS01] [1] 2026/03/30 19:32:55 Received broadcast
INFO:root:[GS01] [1] 2026/03/30 19:32:55 Received snapshot for game 598ed918-b8a8-4ae1-b2a4-925928b454af
INFO:root:[GS00] [0] 2026/03/30 19:32:55 Message Broadcast Successful
INFO:root:[MM00] [0] 2026/03/30 19:32:55 Match created: User 1 (red) vs User 2 (black)
INFO:root:[GS01] [1] 2026/03/30 19:32:55 Created game 598ed918-b8a8-4ae1-b2a4-925928b454af
INFO:root:[GS00] [0] 2026/03/30 19:32:55 Created pending game: 598ed918-b8a8-4ae1-b2a4-925928b454af
INFO:root:[GS01] [1] 2026/03/30 19:32:55 Updated game 598ed918-b8a8-4ae1-b2a4-925928b454af
INFO:root:[MM00] [0] 2026/03/30 19:32:55 Handling request locally for endpoint: /queue/poll
INFO:root:[MM00] [0] 2026/03/30 19:32:55 User "User 1" has been matched, sending game server [0] http://localhost:3000
INFO:root:[MM00] [0] 2026/03/30 19:32:55 Handling request locally for endpoint: /queue/poll
INFO:root:[MM00] [0] 2026/03/30 19:32:55 User "User 2" has been matched, sending game server [0] http://localhost:3000
INFO:root:[GS00] [0] 2026/03/30 19:32:56 Client "User 1" connected
INFO:root:[GS00] [0] 2026/03/30 19:32:56 Game Identified 598ed918-b8a8-4ae1-b2a4-925928b454af
INFO:root:[GS00] [0] 2026/03/30 19:32:56 Waiting for opponent
INFO:root:[GS00] [0] 2026/03/30 19:32:56 Client "User 2" connected
INFO:root:[GS00] [0] 2026/03/30 19:32:56 Game Identified 598ed918-b8a8-4ae1-b2a4-925928b454af
INFO:root:[GS00] [0] 2026/03/30 19:32:56 Starting game: 598ed918-b8a8-4ae1-b2a4-925928b454af
INFO:root:[GS00] [0] 2026/03/30 19:32:57 Broadcasting snapshot for game: 598ed918-b8a8-4ae1-b2a4-925928b454af
INFO:root:[Name Server] 2026/03/30 19:32:57 GET /game-servers - [{"id":0,"url":"http://localhost:3000"},{"id":1,"url":"http://localhost:3001"}]
INFO:root:[GS00] [0] 2026/03/30 19:32:57 Refreshed the list of other Game Servers
INFO:root:[GS01] [1] 2026/03/30 19:32:57 Received broadcast
INFO:root:[GS00] [0] 2026/03/30 19:32:57     1: http://localhost:3001
INFO:root:[GS01] [1] 2026/03/30 19:32:57 Received snapshot for game 598ed918-b8a8-4ae1-b2a4-925928b454af
INFO:root:[GS00] [0] 2026/03/30 19:32:57 Sending request to: http://localhost:3001/internal
INFO:root:[GS00] [0] 2026/03/30 19:32:57 Message Broadcast Successful
INFO:root:[GS01] [1] 2026/03/30 19:32:57 Updated game 598ed918-b8a8-4ae1-b2a4-925928b454af
INFO:root:[GS00] [0] 2026/03/30 19:32:58 Broadcasting snapshot for game: 598ed918-b8a8-4ae1-b2a4-925928b454af
INFO:root:[Name Server] 2026/03/30 19:32:58 GET /game-servers - [{"id":0,"url":"http://localhost:3000"},{"id":1,"url":"http://localhost:3001"}]
INFO:root:[GS00] [0] 2026/03/30 19:32:58 Refreshed the list of other Game Servers
INFO:root:[GS01] [1] 2026/03/30 19:32:58 Received broadcast
INFO:root:[GS00] [0] 2026/03/30 19:32:58     1: http://localhost:3001
INFO:root:[GS01] [1] 2026/03/30 19:32:58 Received snapshot for game 598ed918-b8a8-4ae1-b2a4-925928b454af
INFO:root:[GS00] [0] 2026/03/30 19:32:58 Sending request to: http://localhost:3001/internal
INFO:root:[GS01] [1] 2026/03/30 19:32:58 Updated game 598ed918-b8a8-4ae1-b2a4-925928b454af
INFO:root:[GS00] [0] 2026/03/30 19:32:58 Message Broadcast Successful
INFO:root:Killing game server "GS01"
DEBUG:root:[GS01] Terminated
INFO:root:Game server "GS01" killed
INFO:root:[Name Server] 2026/03/30 19:33:09 GET /game-servers - [{"id":0,"url":"http://localhost:3000"},{"id":1,"url":"http://localhost:3001"}]
INFO:root:[GS00] [0] 2026/03/30 19:33:09 Refreshed the list of other Game Servers
INFO:root:[GS00] [0] 2026/03/30 19:33:09     1: http://localhost:3001
INFO:root:Created gameserver with pid: "GS02"
INFO:root:[GS02] 2026/03/30 19:33:10 Using name server located at http://localhost:9000
INFO:root:[GS02] 2026/03/30 19:33:10 Game Server running on http://localhost:3002
INFO:root:[Name Server] 2026/03/30 19:33:10 POST /register/game-server - http://localhost:3002
INFO:root:[GS02] 2026/03/30 19:33:10 Registered with ID: 2
INFO:root:[Name Server] 2026/03/30 19:33:10 GET /game-servers - [{"id":0,"url":"http://localhost:3000"},{"id":1,"url":"http://localhost:3001"},{"id":2,"url":"http://localhost:3002"}]
INFO:root:[GS02] [2] 2026/03/30 19:33:10 Refreshed the list of other Game Servers
INFO:root:[GS02] [2] 2026/03/30 19:33:10     0: http://localhost:3000
INFO:root:[GS02] [2] 2026/03/30 19:33:10     1: http://localhost:3001
INFO:root:[GS00] [0] 2026/03/30 19:33:13 Broadcasting snapshot for game: 598ed918-b8a8-4ae1-b2a4-925928b454af
INFO:root:[Name Server] 2026/03/30 19:33:13 GET /game-servers - [{"id":0,"url":"http://localhost:3000"},{"id":1,"url":"http://localhost:3001"},{"id":2,"url":"http://localhost:3002"}]
INFO:root:[GS00] [0] 2026/03/30 19:33:13 Refreshed the list of other Game Servers
INFO:root:[GS00] [0] 2026/03/30 19:33:13     1: http://localhost:3001
INFO:root:[GS00] [0] 2026/03/30 19:33:13     2: http://localhost:3002
INFO:root:[GS00] [0] 2026/03/30 19:33:13 Sending request to: http://localhost:3001/internal
INFO:root:Killing game server "GS00"
INFO:root:[MM00] [0] 2026/03/30 19:33:16 Handling request locally for endpoint: /match/request-new-game-server
INFO:root:[MM00] [0] 2026/03/30 19:33:16 Handling request locally for endpoint: /match/request-new-game-server
DEBUG:root:[GS00] Terminated
INFO:root:Game server "GS00" killed
INFO:root:[MM00] [0] 2026/03/30 19:33:16 Deregistering Game Server 0
INFO:root:[Name Server] 2026/03/30 19:33:16 POST /deregister/game-server - 0
INFO:root:[MM00] [0] 2026/03/30 19:33:16 Finding a replacement Game Server for match 598ed918-b8a8-4ae1-b2a4-925928b454af
INFO:root:[Name Server] 2026/03/30 19:33:16 GET /game-servers - [{"id":1,"url":"http://localhost:3001"},{"id":2,"url":"http://localhost:3002"}]
INFO:root:[MM00] [0] 2026/03/30 19:33:16 Failed to send match to game server [1] http://localhost:3001: Post "http://localhost:3001/takeover": dial tcp [::1]:3001: connectex: No connection could be made because the target machine actively refused it.
INFO:root:[MM00] [0] 2026/03/30 19:33:16 Handling request locally for endpoint: /queue/poll
INFO:root:[MM00] [0] 2026/03/30 19:33:16 User "User 2" has been matched, sending game server [1] http://localhost:3001
INFO:root:[MM00] [0] 2026/03/30 19:33:16 Handling request locally for endpoint: /queue/poll
INFO:root:[MM00] [0] 2026/03/30 19:33:16 User "User 1" has been matched, sending game server [1] http://localhost:3001
INFO:root:[MM00] [0] 2026/03/30 19:33:19 Handling request locally for endpoint: /match/request-new-game-server
INFO:root:[MM00] [0] 2026/03/30 19:33:19 Deregistering Game Server 1
INFO:root:[Name Server] 2026/03/30 19:33:19 POST /deregister/game-server - 1
INFO:root:[MM00] [0] 2026/03/30 19:33:19 Finding a replacement Game Server for match 598ed918-b8a8-4ae1-b2a4-925928b454af
INFO:root:[Name Server] 2026/03/30 19:33:19 GET /game-servers - [{"id":2,"url":"http://localhost:3002"}]
INFO:root:[GS02] [2] 2026/03/30 19:33:19 Taking over game: 598ed918-b8a8-4ae1-b2a4-925928b454af
INFO:root:[MM00] [0] 2026/03/30 19:33:19 Match 598ed918-b8a8-4ae1-b2a4-925928b454af moved to Game Server [2] http://localhost:3002
INFO:root:[MM00] [0] 2026/03/30 19:33:19 Handling request locally for endpoint: /queue/poll
INFO:root:[MM00] [0] 2026/03/30 19:33:19 User "User 2" has been matched, sending game server [2] http://localhost:3002
INFO:root:[GS02] [2] 2026/03/30 19:33:19 Client "User 2" connected
INFO:root:[GS02] [2] 2026/03/30 19:33:19 Player User 2 is not in a pending game
INFO:root:[MM00] [0] 2026/03/30 19:33:21 Handling request locally for endpoint: /match/request-new-game-server
INFO:root:[MM00] [0] 2026/03/30 19:33:21 Handling request locally for endpoint: /queue/poll
INFO:root:[MM00] [0] 2026/03/30 19:33:21 User "User 1" has been matched, sending game server [2] http://localhost:3002
INFO:root:[GS02] [2] 2026/03/30 19:33:21 Client "User 1" connected
INFO:root:[GS02] [2] 2026/03/30 19:33:21 Player User 1 is not in a pending game
INFO:root:[Name Server] 2026/03/30 19:33:30 GET /game-servers - [{"id":2,"url":"http://localhost:3002"}]
INFO:root:[GS02] [2] 2026/03/30 19:33:30 Refreshed the list of other Game Servers
INFO:root:[Name Server] 2026/03/30 19:33:50 GET /game-servers - [{"id":2,"url":"http://localhost:3002"}]
INFO:root:[GS02] [2] 2026/03/30 19:33:50 Refreshed the list of other Game Servers
INFO:root:[Name Server] 2026/03/30 19:34:10 GET /game-servers - [{"id":2,"url":"http://localhost:3002"}]
INFO:root:[GS02] [2] 2026/03/30 19:34:10 Refreshed the list of other Game Servers
INFO:root:[Name Server] 2026/03/30 19:34:30 GET /game-servers - [{"id":2,"url":"http://localhost:3002"}]
INFO:root:[GS02] [2] 2026/03/30 19:34:30 Refreshed the list of other Game Servers
INFO:root:[Name Server] 2026/03/30 19:34:50 GET /game-servers - [{"id":2,"url":"http://localhost:3002"}]
INFO:root:[GS02] [2] 2026/03/30 19:34:50 Refreshed the list of other Game Servers
INFO:root:[Name Server] 2026/03/30 19:35:10 GET /game-servers - [{"id":2,"url":"http://localhost:3002"}]
INFO:root:[GS02] [2] 2026/03/30 19:35:10 Refreshed the list of other Game Servers
INFO:root:[Name Server] 2026/03/30 19:35:30 GET /game-servers - [{"id":2,"url":"http://localhost:3002"}]
INFO:root:[GS02] [2] 2026/03/30 19:35:30 Refreshed the list of other Game Servers
INFO:root:[Name Server] 2026/03/30 19:35:50 GET /game-servers - [{"id":2,"url":"http://localhost:3002"}]
INFO:root:[GS02] [2] 2026/03/30 19:35:50 Refreshed the list of other Game Servers
INFO:root:[Name Server] 2026/03/30 19:36:10 GET /game-servers - [{"id":2,"url":"http://localhost:3002"}]
INFO:root:[GS02] [2] 2026/03/30 19:36:10 Refreshed the list of other Game Servers
INFO:root:[Name Server] 2026/03/30 19:36:30 GET /game-servers - [{"id":2,"url":"http://localhost:3002"}]
INFO:root:[GS02] [2] 2026/03/30 19:36:30 Refreshed the list of other Game Servers
INFO:root:[Name Server] 2026/03/30 19:36:50 GET /game-servers - [{"id":2,"url":"http://localhost:3002"}]
INFO:root:[GS02] [2] 2026/03/30 19:36:50 Refreshed the list of other Game Servers
INFO:root:[Name Server] 2026/03/30 19:37:10 GET /game-servers - [{"id":2,"url":"http://localhost:3002"}]
INFO:root:[GS02] [2] 2026/03/30 19:37:10 Refreshed the list of other Game Servers
INFO:root:[Name Server] 2026/03/30 19:37:30 GET /game-servers - [{"id":2,"url":"http://localhost:3002"}]
INFO:root:[GS02] [2] 2026/03/30 19:37:30 Refreshed the list of other Game Servers
INFO:root:[Name Server] 2026/03/30 19:37:50 GET /game-servers - [{"id":2,"url":"http://localhost:3002"}]
INFO:root:[GS02] [2] 2026/03/30 19:37:50 Refreshed the list of other Game Servers
INFO:root:[Name Server] 2026/03/30 19:38:10 GET /game-servers - [{"id":2,"url":"http://localhost:3002"}]
INFO:root:[GS02] [2] 2026/03/30 19:38:10 Refreshed the list of other Game Servers
INFO:root:[Name Server] 2026/03/30 19:38:30 GET /game-servers - [{"id":2,"url":"http://localhost:3002"}]
INFO:root:[GS02] [2] 2026/03/30 19:38:30 Refreshed the list of other Game Servers
INFO:root:[Name Server] 2026/03/30 19:38:50 GET /game-servers - [{"id":2,"url":"http://localhost:3002"}]
INFO:root:[GS02] [2] 2026/03/30 19:38:50 Refreshed the list of other Game Servers
INFO:root:[Name Server] exit status 0xc000013a
DEBUG:root:[Name Server] Terminated
INFO:root:[Front-end Server] ^CTerminate batch job (Y/N)?
DEBUG:root:[Front-end Server] Terminated
INFO:root:[MM00] exit status 0xc000013a
DEBUG:root:[MM00] Terminated
INFO:root:[GS02] exit status 0xc000013a
DEBUG:root:[GS02] Terminated
INFO:root:[Name Server] 2026/03/30 19:39:10 Name Server running on http://localhost:9000
INFO:root:[Front-end Server] 
INFO:root:[Front-end Server] > checkered@0.0.0 dev
INFO:root:[Front-end Server] > vite
INFO:root:[Front-end Server] 
INFO:root:[Front-end Server] 
INFO:root:[Front-end Server]   [32m[1mVITE[22m v7.3.1[39m  [2mready in [0m[1m289[22m[2m[0m ms[22m
INFO:root:[Front-end Server] 
INFO:root:[Front-end Server]   [32m➜[39m  [1mLocal[22m:   [36mhttp://localhost:[1m5173[22m/[39m
INFO:root:[Front-end Server] [2m  [32m➜[39m  [1mNetwork[22m[2m: use [22m[1m--host[22m[2m to expose[22m
INFO:root:[Name Server] 2026/03/30 19:39:19 Matchmakers:  0
INFO:root:[Name Server] 2026/03/30 19:39:19 GET /matchmakers - []
INFO:root:[Name Server] 2026/03/30 19:39:20 Matchmakers:  0
INFO:root:[Name Server] 2026/03/30 19:39:20 GET /matchmakers - []
INFO:root:[Name Server] 2026/03/30 19:39:21 Matchmakers:  0
INFO:root:[Name Server] 2026/03/30 19:39:21 GET /matchmakers - []
INFO:root:[Name Server] 2026/03/30 19:39:22 Matchmakers:  0
INFO:root:[Name Server] 2026/03/30 19:39:22 GET /matchmakers - []
INFO:root:[Name Server] 2026/03/30 19:39:23 Matchmakers:  0
INFO:root:[Name Server] 2026/03/30 19:39:23 GET /matchmakers - []
INFO:root:[Name Server] 2026/03/30 19:39:24 Matchmakers:  0
INFO:root:[Name Server] 2026/03/30 19:39:24 GET /matchmakers - []
INFO:root:[Name Server] 2026/03/30 19:39:25 Matchmakers:  0
INFO:root:[Name Server] 2026/03/30 19:39:25 GET /matchmakers - []
INFO:root:[Name Server] 2026/03/30 19:39:26 Matchmakers:  0
INFO:root:[Name Server] 2026/03/30 19:39:26 GET /matchmakers - []
INFO:root:[Name Server] 2026/03/30 19:39:27 Matchmakers:  0
INFO:root:[Name Server] 2026/03/30 19:39:27 GET /matchmakers - []
INFO:root:[Name Server] 2026/03/30 19:39:28 Matchmakers:  0
INFO:root:[Name Server] 2026/03/30 19:39:28 GET /matchmakers - []
INFO:root:[Name Server] 2026/03/30 19:39:29 Matchmakers:  0
INFO:root:[Name Server] 2026/03/30 19:39:29 GET /matchmakers - []
INFO:root:[Name Server] 2026/03/30 19:39:30 Matchmakers:  0
INFO:root:[Name Server] 2026/03/30 19:39:30 GET /matchmakers - []
INFO:root:[Name Server] 2026/03/30 19:39:31 Matchmakers:  0
INFO:root:[Name Server] 2026/03/30 19:39:31 GET /matchmakers - []
INFO:root:[Name Server] 2026/03/30 19:39:32 Matchmakers:  0
INFO:root:[Name Server] 2026/03/30 19:39:32 GET /matchmakers - []
INFO:root:[Name Server] 2026/03/30 19:39:33 Matchmakers:  0
INFO:root:[Name Server] 2026/03/30 19:39:33 GET /matchmakers - []
INFO:root:Created matchmaker with pid: "MM00"
INFO:root:Created gameserver with pid: "GS00"
INFO:root:[Name Server] 2026/03/30 19:39:34 Matchmakers:  0
INFO:root:[Name Server] 2026/03/30 19:39:34 GET /matchmakers - []
INFO:root:[GS00] 2026/03/30 19:39:35 Using name server located at http://localhost:9000
INFO:root:[Name Server] 2026/03/30 19:39:35 Matchmakers:  0
INFO:root:[GS00] 2026/03/30 19:39:35 Game Server running on http://localhost:3000
INFO:root:[Name Server] 2026/03/30 19:39:35 GET /matchmakers - []
INFO:root:[Name Server] 2026/03/30 19:39:35 POST /register/game-server - http://localhost:3000
INFO:root:[GS00] 2026/03/30 19:39:35 Registered with ID: 0
INFO:root:[Name Server] 2026/03/30 19:39:35 GET /game-servers - [{"id":0,"url":"http://localhost:3000"}]
INFO:root:[GS00] [0] 2026/03/30 19:39:35 Refreshed the list of other Game Servers
INFO:root:[MM00] 2026/03/30 19:39:35 Using name server located at http://localhost:9000
INFO:root:[MM00] 2026/03/30 19:39:35 Matchmaker running on http://localhost:2000
INFO:root:[Name Server] 2026/03/30 19:39:35 POST /register/matchmaker - http://localhost:2000
INFO:root:[MM00] 2026/03/30 19:39:35 Registered with ID: 0
INFO:root:[MM00] [0] 2026/03/30 19:39:35 Initiating a leader election
INFO:root:[Name Server] 2026/03/30 19:39:35 Matchmakers:  1
INFO:root:[Name Server] 2026/03/30 19:39:35 GET /matchmakers - [{"id":0,"url":"http://localhost:2000"}]
INFO:root:[MM00] [0] 2026/03/30 19:39:35 Refreshed the list of other Matchmakers
INFO:root:[MM00] [0] 2026/03/30 19:39:35 Declaring itself leader as it has the highest ID: 0
INFO:root:[MM00] [0] 2026/03/30 19:39:35 Sending leader(0) messages
INFO:root:[Name Server] 2026/03/30 19:39:36 Matchmakers:  1
INFO:root:[Name Server] 2026/03/30 19:39:36 GET /matchmakers - [{"id":0,"url":"http://localhost:2000"}]
INFO:root:[MM00] [0] 2026/03/30 19:39:36 Handling request locally for endpoint: /queue/add
INFO:root:[MM00] [0] 2026/03/30 19:39:36 Adding "User 2" to queue
INFO:root:[MM00] [0] 2026/03/30 19:39:36 Handling request locally for endpoint: /queue/poll
INFO:root:[Name Server] 2026/03/30 19:39:37 Matchmakers:  1
INFO:root:[Name Server] 2026/03/30 19:39:37 GET /matchmakers - [{"id":0,"url":"http://localhost:2000"}]
INFO:root:[MM00] [0] 2026/03/30 19:39:37 Handling request locally for endpoint: /queue/add
INFO:root:[MM00] [0] 2026/03/30 19:39:37 Adding "User 1" to queue
INFO:root:[Name Server] 2026/03/30 19:39:37 GET /game-servers - [{"id":0,"url":"http://localhost:3000"}]
INFO:root:[MM00] [0] 2026/03/30 19:39:37 Picked game server: http://localhost:3000 (ID: 0)
INFO:root:[GS00] [0] 2026/03/30 19:39:37 Broadcasting snapshot for game: 77104fba-e4cd-4f3f-ae71-8d965cd108ff
INFO:root:[Name Server] 2026/03/30 19:39:37 GET /game-servers - [{"id":0,"url":"http://localhost:3000"}]
INFO:root:[GS00] [0] 2026/03/30 19:39:37 Refreshed the list of other Game Servers
INFO:root:[MM00] [0] 2026/03/30 19:39:37 Match created: User 2 (red) vs User 1 (black)
INFO:root:[GS00] [0] 2026/03/30 19:39:37 Message Broadcast Successful
INFO:root:[GS00] [0] 2026/03/30 19:39:37 Created pending game: 77104fba-e4cd-4f3f-ae71-8d965cd108ff
INFO:root:[MM00] [0] 2026/03/30 19:39:37 Handling request locally for endpoint: /queue/poll
INFO:root:[MM00] [0] 2026/03/30 19:39:37 User "User 1" has been matched, sending game server [0] http://localhost:3000
INFO:root:[GS00] [0] 2026/03/30 19:39:38 Client "User 1" connected
INFO:root:[GS00] [0] 2026/03/30 19:39:38 Game Identified 77104fba-e4cd-4f3f-ae71-8d965cd108ff
INFO:root:[GS00] [0] 2026/03/30 19:39:38 Waiting for opponent
INFO:root:[MM00] [0] 2026/03/30 19:39:38 Handling request locally for endpoint: /queue/poll
INFO:root:[MM00] [0] 2026/03/30 19:39:38 User "User 2" has been matched, sending game server [0] http://localhost:3000
INFO:root:[GS00] [0] 2026/03/30 19:39:38 Client "User 2" connected
INFO:root:[GS00] [0] 2026/03/30 19:39:38 Game Identified 77104fba-e4cd-4f3f-ae71-8d965cd108ff
INFO:root:[GS00] [0] 2026/03/30 19:39:38 Starting game: 77104fba-e4cd-4f3f-ae71-8d965cd108ff
INFO:root:[Name Server] 2026/03/30 19:39:55 GET /game-servers - [{"id":0,"url":"http://localhost:3000"}]
INFO:root:[GS00] [0] 2026/03/30 19:39:55 Refreshed the list of other Game Servers
INFO:root:Created gameserver with pid: "GS01"
INFO:root:Created gameserver with pid: "GS02"
INFO:root:[GS02] 2026/03/30 19:40:00 Using name server located at http://localhost:9000
INFO:root:[GS01] 2026/03/30 19:40:00 Using name server located at http://localhost:9000
INFO:root:[GS02] 2026/03/30 19:40:00 Game Server running on http://localhost:3002
INFO:root:[GS01] 2026/03/30 19:40:00 Game Server running on http://localhost:3001
INFO:root:[Name Server] 2026/03/30 19:40:00 POST /register/game-server - http://localhost:3002
INFO:root:[GS02] 2026/03/30 19:40:00 Registered with ID: 1
INFO:root:[GS01] 2026/03/30 19:40:00 Registered with ID: 2
INFO:root:[Name Server] 2026/03/30 19:40:00 POST /register/game-server - http://localhost:3001
INFO:root:[GS02] [1] 2026/03/30 19:40:00 Refreshed the list of other Game Servers
INFO:root:[GS01] [2] 2026/03/30 19:40:00 Refreshed the list of other Game Servers
INFO:root:[Name Server] 2026/03/30 19:40:00 GET /game-servers - [{"id":0,"url":"http://localhost:3000"},{"id":1,"url":"http://localhost:3002"},{"id":2,"url":"http://localhost:3001"}]
INFO:root:[GS02] [1] 2026/03/30 19:40:00     0: http://localhost:3000
INFO:root:[GS01] [2] 2026/03/30 19:40:00     0: http://localhost:3000
INFO:root:[Name Server] 2026/03/30 19:40:00 GET /game-servers - [{"id":0,"url":"http://localhost:3000"},{"id":1,"url":"http://localhost:3002"},{"id":2,"url":"http://localhost:3001"}]
INFO:root:[GS02] [1] 2026/03/30 19:40:00     2: http://localhost:3001
INFO:root:[GS01] [2] 2026/03/30 19:40:00     1: http://localhost:3002
INFO:root:[GS00] [0] 2026/03/30 19:40:03 Broadcasting snapshot for game: 77104fba-e4cd-4f3f-ae71-8d965cd108ff
INFO:root:[Name Server] 2026/03/30 19:40:03 GET /game-servers - [{"id":0,"url":"http://localhost:3000"},{"id":1,"url":"http://localhost:3002"},{"id":2,"url":"http://localhost:3001"}]
INFO:root:[GS00] [0] 2026/03/30 19:40:03 Refreshed the list of other Game Servers
INFO:root:[GS00] [0] 2026/03/30 19:40:03     1: http://localhost:3002
INFO:root:[GS00] [0] 2026/03/30 19:40:03     2: http://localhost:3001
INFO:root:[GS00] [0] 2026/03/30 19:40:03 Sending request to: http://localhost:3002/internal
INFO:root:[GS02] [1] 2026/03/30 19:40:03 Received broadcast
INFO:root:[GS00] [0] 2026/03/30 19:40:03 Sending request to: http://localhost:3001/internal
INFO:root:[GS02] [1] 2026/03/30 19:40:03 Received snapshot for game 77104fba-e4cd-4f3f-ae71-8d965cd108ff
INFO:root:[GS02] [1] 2026/03/30 19:40:03 Created game 77104fba-e4cd-4f3f-ae71-8d965cd108ff
INFO:root:[GS02] [1] 2026/03/30 19:40:03 Updated game 77104fba-e4cd-4f3f-ae71-8d965cd108ff
INFO:root:[GS01] [2] 2026/03/30 19:40:03 Received broadcast
INFO:root:[GS00] [0] 2026/03/30 19:40:03 Message Broadcast Successful
INFO:root:[GS01] [2] 2026/03/30 19:40:03 Received snapshot for game 77104fba-e4cd-4f3f-ae71-8d965cd108ff
INFO:root:[GS01] [2] 2026/03/30 19:40:03 Created game 77104fba-e4cd-4f3f-ae71-8d965cd108ff
INFO:root:[GS01] [2] 2026/03/30 19:40:03 Updated game 77104fba-e4cd-4f3f-ae71-8d965cd108ff
INFO:root:[GS00] [0] 2026/03/30 19:40:04 Broadcasting snapshot for game: 77104fba-e4cd-4f3f-ae71-8d965cd108ff
INFO:root:[Name Server] 2026/03/30 19:40:04 GET /game-servers - [{"id":0,"url":"http://localhost:3000"},{"id":1,"url":"http://localhost:3002"},{"id":2,"url":"http://localhost:3001"}]
INFO:root:[GS00] [0] 2026/03/30 19:40:04 Refreshed the list of other Game Servers
INFO:root:[GS02] [1] 2026/03/30 19:40:04 Received broadcast
INFO:root:[GS00] [0] 2026/03/30 19:40:04     1: http://localhost:3002
INFO:root:[GS01] [2] 2026/03/30 19:40:04 Received broadcast
INFO:root:[GS02] [1] 2026/03/30 19:40:04 Received snapshot for game 77104fba-e4cd-4f3f-ae71-8d965cd108ff
INFO:root:[GS00] [0] 2026/03/30 19:40:04     2: http://localhost:3001
INFO:root:[GS00] [0] 2026/03/30 19:40:04 Sending request to: http://localhost:3002/internal
INFO:root:[GS02] [1] 2026/03/30 19:40:04 Updated game 77104fba-e4cd-4f3f-ae71-8d965cd108ff
INFO:root:[GS01] [2] 2026/03/30 19:40:04 Received snapshot for game 77104fba-e4cd-4f3f-ae71-8d965cd108ff
INFO:root:[GS00] [0] 2026/03/30 19:40:04 Sending request to: http://localhost:3001/internal
INFO:root:[GS01] [2] 2026/03/30 19:40:04 Updated game 77104fba-e4cd-4f3f-ae71-8d965cd108ff
INFO:root:[GS00] [0] 2026/03/30 19:40:04 Message Broadcast Successful
INFO:root:[GS00] [0] 2026/03/30 19:40:08 Broadcasting snapshot for game: 77104fba-e4cd-4f3f-ae71-8d965cd108ff
INFO:root:[Name Server] 2026/03/30 19:40:08 GET /game-servers - [{"id":0,"url":"http://localhost:3000"},{"id":1,"url":"http://localhost:3002"},{"id":2,"url":"http://localhost:3001"}]
INFO:root:[GS00] [0] 2026/03/30 19:40:08 Refreshed the list of other Game Servers
INFO:root:[GS02] [1] 2026/03/30 19:40:08 Received broadcast
INFO:root:[GS00] [0] 2026/03/30 19:40:08     1: http://localhost:3002
INFO:root:[GS01] [2] 2026/03/30 19:40:08 Received broadcast
INFO:root:[GS02] [1] 2026/03/30 19:40:08 Received snapshot for game 77104fba-e4cd-4f3f-ae71-8d965cd108ff
INFO:root:[GS00] [0] 2026/03/30 19:40:08     2: http://localhost:3001
INFO:root:[GS01] [2] 2026/03/30 19:40:08 Received snapshot for game 77104fba-e4cd-4f3f-ae71-8d965cd108ff
INFO:root:[GS02] [1] 2026/03/30 19:40:08 Updated game 77104fba-e4cd-4f3f-ae71-8d965cd108ff
INFO:root:[GS00] [0] 2026/03/30 19:40:08 Sending request to: http://localhost:3002/internal
INFO:root:[GS01] [2] 2026/03/30 19:40:08 Updated game 77104fba-e4cd-4f3f-ae71-8d965cd108ff
INFO:root:[GS00] [0] 2026/03/30 19:40:08 Sending request to: http://localhost:3001/internal
INFO:root:[GS00] [0] 2026/03/30 19:40:08 Message Broadcast Successful
INFO:root:Killing game server "GS01"
DEBUG:root:[GS01] Terminated
INFO:root:Game server "GS01" killed
INFO:root:[Name Server] 2026/03/30 19:40:15 GET /game-servers - [{"id":0,"url":"http://localhost:3000"},{"id":1,"url":"http://localhost:3002"},{"id":2,"url":"http://localhost:3001"}]
INFO:root:[GS00] [0] 2026/03/30 19:40:15 Refreshed the list of other Game Servers
INFO:root:[GS00] [0] 2026/03/30 19:40:15     1: http://localhost:3002
INFO:root:[GS00] [0] 2026/03/30 19:40:15     2: http://localhost:3001
INFO:root:Killing game server "GS00"
INFO:root:[MM00] [0] 2026/03/30 19:40:17 Handling request locally for endpoint: /match/request-new-game-server
INFO:root:[MM00] [0] 2026/03/30 19:40:17 Handling request locally for endpoint: /match/request-new-game-server
DEBUG:root:[GS00] Terminated
INFO:root:Game server "GS00" killed
INFO:root:[MM00] [0] 2026/03/30 19:40:17 Deregistering Game Server 0
INFO:root:[Name Server] 2026/03/30 19:40:17 POST /deregister/game-server - 0
INFO:root:[MM00] [0] 2026/03/30 19:40:17 Finding a replacement Game Server for match 77104fba-e4cd-4f3f-ae71-8d965cd108ff
INFO:root:[Name Server] 2026/03/30 19:40:17 GET /game-servers - [{"id":1,"url":"http://localhost:3002"},{"id":2,"url":"http://localhost:3001"}]
INFO:root:[GS02] [1] 2026/03/30 19:40:17 Taking over game: 77104fba-e4cd-4f3f-ae71-8d965cd108ff
INFO:root:[Name Server] 2026/03/30 19:40:17 GET /game-servers - [{"id":1,"url":"http://localhost:3002"},{"id":2,"url":"http://localhost:3001"}]
INFO:root:[GS02] [1] 2026/03/30 19:40:17 Broadcasting snapshot for game: 77104fba-e4cd-4f3f-ae71-8d965cd108ff
INFO:root:[GS02] [1] 2026/03/30 19:40:17 Refreshed the list of other Game Servers
INFO:root:[GS02] [1] 2026/03/30 19:40:17     2: http://localhost:3001
INFO:root:[GS02] [1] 2026/03/30 19:40:17 Sending request to: http://localhost:3001/internal
INFO:root:[MM00] [0] 2026/03/30 19:40:17 Match 77104fba-e4cd-4f3f-ae71-8d965cd108ff moved to Game Server [1] http://localhost:3002
INFO:root:[MM00] [0] 2026/03/30 19:40:17 Handling request locally for endpoint: /queue/poll
INFO:root:[MM00] [0] 2026/03/30 19:40:17 User "User 1" has been matched, sending game server [1] http://localhost:3002
INFO:root:[MM00] [0] 2026/03/30 19:40:17 Handling request locally for endpoint: /queue/poll
INFO:root:[MM00] [0] 2026/03/30 19:40:17 User "User 2" has been matched, sending game server [1] http://localhost:3002
INFO:root:[GS02] [1] 2026/03/30 19:40:17 Client "User 1" connected
INFO:root:[GS02] [1] 2026/03/30 19:40:17 Game Identified 77104fba-e4cd-4f3f-ae71-8d965cd108ff
INFO:root:[GS02] [1] 2026/03/30 19:40:17 Waiting for opponent
INFO:root:[GS02] [1] 2026/03/30 19:40:17 Client "User 2" connected
INFO:root:[GS02] [1] 2026/03/30 19:40:17 Game Identified 77104fba-e4cd-4f3f-ae71-8d965cd108ff
INFO:root:[GS02] [1] 2026/03/30 19:40:17 Starting game: 77104fba-e4cd-4f3f-ae71-8d965cd108ff
INFO:root:[Name Server] 2026/03/30 19:40:20 GET /game-servers - [{"id":1,"url":"http://localhost:3002"},{"id":2,"url":"http://localhost:3001"}]
INFO:root:[GS02] [1] 2026/03/30 19:40:20 Refreshed the list of other Game Servers
INFO:root:[GS02] [1] 2026/03/30 19:40:20     2: http://localhost:3001
INFO:root:[Name Server] 2026/03/30 19:40:40 GET /game-servers - [{"id":1,"url":"http://localhost:3002"},{"id":2,"url":"http://localhost:3001"}]
INFO:root:[GS02] [1] 2026/03/30 19:40:40 Refreshed the list of other Game Servers
INFO:root:[GS02] [1] 2026/03/30 19:40:40     2: http://localhost:3001
INFO:root:[GS02] [1] 2026/03/30 19:40:42 Sending game result to matchmaker: (game=77104fba-e4cd-4f3f-ae71-8d965cd108ff, winner=User 2, loser=User 1)
INFO:root:[Name Server] 2026/03/30 19:40:42 GET /game-servers - [{"id":1,"url":"http://localhost:3002"},{"id":2,"url":"http://localhost:3001"}]
INFO:root:[GS02] [1] 2026/03/30 19:40:42 Handling game result (game=77104fba-e4cd-4f3f-ae71-8d965cd108ff)
INFO:root:[GS02] [1] 2026/03/30 19:40:42 Broadcasting snapshot for game: 77104fba-e4cd-4f3f-ae71-8d965cd108ff
INFO:root:[GS02] [1] 2026/03/30 19:40:42 Refreshed the list of other Game Servers
INFO:root:[GS02] [1] 2026/03/30 19:40:42     2: http://localhost:3001
INFO:root:[GS02] [1] 2026/03/30 19:40:42 Sending request to: http://localhost:3001/internal
INFO:root:[GS02] [1] 2026/03/30 19:40:42 User User 2 disconnected
INFO:root:[GS02] [1] 2026/03/30 19:40:42 Sending game result to matchmaker: (game=77104fba-e4cd-4f3f-ae71-8d965cd108ff, winner=User 1, loser=User 2)
INFO:root:[GS02] [1] 2026/03/30 19:40:42 User User 2 disconnected
INFO:root:[Name Server] 2026/03/30 19:40:42 Matchmakers:  1
INFO:root:[GS02] [1] 2026/03/30 19:40:42 Selected match making server: http://localhost:2000 (ID: 0)
INFO:root:[Name Server] 2026/03/30 19:40:42 GET /matchmakers - [{"id":0,"url":"http://localhost:2000"}]
INFO:root:[MM00] [0] 2026/03/30 19:40:42 Handling request locally for endpoint: /match/updateleaderboard
INFO:root:[GS02] [1] 2026/03/30 19:40:42 Leaderboard updated!
INFO:root:[MM00] [0] 2026/03/30 19:40:42 Updating leaderboard (game=77104fba-e4cd-4f3f-ae71-8d965cd108ff, winner=User 2, loser=User 1)
INFO:root:[MM00] [0] 2026/03/30 19:40:42 Game Result: (game=77104fba-e4cd-4f3f-ae71-8d965cd108ff, winner=User 2, loser=User 1)
INFO:root:[MM00] [0] 2026/03/30 19:40:42 New score: User 2 = w1/l0
INFO:root:[MM00] [0] 2026/03/30 19:40:42 New score: User 1 = w0/l1
INFO:root:[MM00] [0] 2026/03/30 19:40:42 Handling request locally for endpoint: /match/end
INFO:root:[GS02] [1] 2026/03/30 19:40:42 Attempted unregister
INFO:root:[MM00] [0] 2026/03/30 19:40:42 Match 77104fba-e4cd-4f3f-ae71-8d965cd108ff ended and removed
INFO:root:[GS02] [1] 2026/03/30 19:40:42 Handling game result (game=77104fba-e4cd-4f3f-ae71-8d965cd108ff)
INFO:root:[GS02] [1] 2026/03/30 19:40:42 Game 77104fba-e4cd-4f3f-ae71-8d965cd108ff does not exist
INFO:root:[GS02] [1] 2026/03/30 19:40:42 User User 1 disconnected
INFO:root:[MM00] [0] 2026/03/30 19:40:45 Handling request locally for endpoint: /leaderboard
INFO:root:[MM00] [0] 2026/03/30 19:40:45 Handling request locally for endpoint: /leaderboard
INFO:root:[Name Server] exit status 0xc000013a
DEBUG:root:[Name Server] Terminated
INFO:root:[Front-end Server] ^CTerminate batch job (Y/N)?
DEBUG:root:[Front-end Server] Terminated
INFO:root:[MM00] exit status 0xc000013a
DEBUG:root:[MM00] Terminated
INFO:root:[GS02] exit status 0xc000013a
DEBUG:root:[GS02] Terminated
INFO:root:[Name Server] 2026/03/30 19:40:49 Name Server running on http://localhost:9000
INFO:root:[Front-end Server] 
INFO:root:[Front-end Server] > checkered@0.0.0 dev
INFO:root:[Front-end Server] > vite
INFO:root:[Front-end Server] 
INFO:root:[Front-end Server] 
INFO:root:[Front-end Server]   [32m[1mVITE[22m v7.3.1[39m  [2mready in [0m[1m305[22m[2m[0m ms[22m
INFO:root:[Front-end Server] 
INFO:root:[Front-end Server]   [32m➜[39m  [1mLocal[22m:   [36mhttp://localhost:[1m5173[22m/[39m
INFO:root:[Front-end Server] [2m  [32m➜[39m  [1mNetwork[22m[2m: use [22m[1m--host[22m[2m to expose[22m
INFO:root:Created matchmaker with pid: "MM00"
INFO:root:[MM00] 2026/03/30 19:41:00 Using name server located at http://localhost:9000
INFO:root:[MM00] 2026/03/30 19:41:00 Matchmaker running on http://localhost:2000
INFO:root:[Name Server] 2026/03/30 19:41:00 POST /register/matchmaker - http://localhost:2000
INFO:root:[MM00] 2026/03/30 19:41:00 Registered with ID: 0
INFO:root:[MM00] [0] 2026/03/30 19:41:00 Initiating a leader election
INFO:root:[Name Server] 2026/03/30 19:41:00 Matchmakers:  1
INFO:root:[Name Server] 2026/03/30 19:41:00 GET /matchmakers - [{"id":0,"url":"http://localhost:2000"}]
INFO:root:[MM00] [0] 2026/03/30 19:41:00 Refreshed the list of other Matchmakers
INFO:root:[MM00] [0] 2026/03/30 19:41:00 Declaring itself leader as it has the highest ID: 0
INFO:root:[MM00] [0] 2026/03/30 19:41:00 Sending leader(0) messages
INFO:root:Created gameserver with pid: "GS00"
INFO:root:[GS00] 2026/03/30 19:41:04 Using name server located at http://localhost:9000
INFO:root:[GS00] 2026/03/30 19:41:04 Game Server running on http://localhost:3000
INFO:root:[Name Server] 2026/03/30 19:41:04 POST /register/game-server - http://localhost:3000
INFO:root:[GS00] 2026/03/30 19:41:04 Registered with ID: 0
INFO:root:[Name Server] 2026/03/30 19:41:04 GET /game-servers - [{"id":0,"url":"http://localhost:3000"}]
INFO:root:[GS00] [0] 2026/03/30 19:41:04 Refreshed the list of other Game Servers
INFO:root:Created gameserver with pid: "GS01"
INFO:root:[GS01] 2026/03/30 19:41:08 Using name server located at http://localhost:9000
INFO:root:[GS01] 2026/03/30 19:41:08 Game Server running on http://localhost:3001
INFO:root:[Name Server] 2026/03/30 19:41:08 POST /register/game-server - http://localhost:3001
INFO:root:[GS01] 2026/03/30 19:41:08 Registered with ID: 1
INFO:root:[Name Server] 2026/03/30 19:41:08 GET /game-servers - [{"id":0,"url":"http://localhost:3000"},{"id":1,"url":"http://localhost:3001"}]
INFO:root:[GS01] [1] 2026/03/30 19:41:08 Refreshed the list of other Game Servers
INFO:root:[GS01] [1] 2026/03/30 19:41:08     0: http://localhost:3000
INFO:root:Created gameserver with pid: "GS02"
INFO:root:[GS02] 2026/03/30 19:41:12 Using name server located at http://localhost:9000
INFO:root:[GS02] 2026/03/30 19:41:12 Game Server running on http://localhost:3002
INFO:root:[Name Server] 2026/03/30 19:41:12 POST /register/game-server - http://localhost:3002
INFO:root:[GS02] 2026/03/30 19:41:12 Registered with ID: 2
INFO:root:[Name Server] 2026/03/30 19:41:12 GET /game-servers - [{"id":0,"url":"http://localhost:3000"},{"id":1,"url":"http://localhost:3001"},{"id":2,"url":"http://localhost:3002"}]
INFO:root:[GS02] [2] 2026/03/30 19:41:12 Refreshed the list of other Game Servers
INFO:root:[GS02] [2] 2026/03/30 19:41:12     0: http://localhost:3000
INFO:root:[GS02] [2] 2026/03/30 19:41:12     1: http://localhost:3001
INFO:root:[Name Server] 2026/03/30 19:41:17 Matchmakers:  1
INFO:root:[Name Server] 2026/03/30 19:41:17 GET /matchmakers - [{"id":0,"url":"http://localhost:2000"}]
INFO:root:[MM00] [0] 2026/03/30 19:41:17 Handling request locally for endpoint: /queue/add
INFO:root:[MM00] [0] 2026/03/30 19:41:17 Adding "User 1" to queue
INFO:root:[MM00] [0] 2026/03/30 19:41:17 Handling request locally for endpoint: /queue/poll
INFO:root:[Name Server] 2026/03/30 19:41:17 Matchmakers:  1
INFO:root:[Name Server] 2026/03/30 19:41:17 GET /matchmakers - [{"id":0,"url":"http://localhost:2000"}]
INFO:root:[MM00] [0] 2026/03/30 19:41:17 Handling request locally for endpoint: /queue/add
INFO:root:[Name Server] 2026/03/30 19:41:17 GET /game-servers - [{"id":0,"url":"http://localhost:3000"},{"id":1,"url":"http://localhost:3001"},{"id":2,"url":"http://localhost:3002"}]
INFO:root:[MM00] [0] 2026/03/30 19:41:17 Adding "User 2" to queue
INFO:root:[MM00] [0] 2026/03/30 19:41:17 Picked game server: http://localhost:3000 (ID: 0)
INFO:root:[GS00] [0] 2026/03/30 19:41:17 Broadcasting snapshot for game: 00eca905-9c87-4518-a327-bc1ef1451d7a
INFO:root:[Name Server] 2026/03/30 19:41:17 GET /game-servers - [{"id":0,"url":"http://localhost:3000"},{"id":1,"url":"http://localhost:3001"},{"id":2,"url":"http://localhost:3002"}]
INFO:root:[GS00] [0] 2026/03/30 19:41:17 Refreshed the list of other Game Servers
INFO:root:[GS00] [0] 2026/03/30 19:41:17     1: http://localhost:3001
INFO:root:[GS00] [0] 2026/03/30 19:41:17     2: http://localhost:3002
INFO:root:[GS00] [0] 2026/03/30 19:41:17 Sending request to: http://localhost:3001/internal
INFO:root:[GS01] [1] 2026/03/30 19:41:17 Received broadcast
INFO:root:[GS00] [0] 2026/03/30 19:41:17 Sending request to: http://localhost:3002/internal
INFO:root:[GS01] [1] 2026/03/30 19:41:17 Received snapshot for game 00eca905-9c87-4518-a327-bc1ef1451d7a
INFO:root:[GS01] [1] 2026/03/30 19:41:17 Created game 00eca905-9c87-4518-a327-bc1ef1451d7a
INFO:root:[GS01] [1] 2026/03/30 19:41:17 Updated game 00eca905-9c87-4518-a327-bc1ef1451d7a
INFO:root:[GS02] [2] 2026/03/30 19:41:17 Received broadcast
INFO:root:[GS02] [2] 2026/03/30 19:41:17 Received snapshot for game 00eca905-9c87-4518-a327-bc1ef1451d7a
INFO:root:[GS00] [0] 2026/03/30 19:41:17 Message Broadcast Successful
INFO:root:[GS02] [2] 2026/03/30 19:41:17 Created game 00eca905-9c87-4518-a327-bc1ef1451d7a
INFO:root:[MM00] [0] 2026/03/30 19:41:17 Match created: User 1 (red) vs User 2 (black)
INFO:root:[GS00] [0] 2026/03/30 19:41:17 Created pending game: 00eca905-9c87-4518-a327-bc1ef1451d7a
INFO:root:[GS02] [2] 2026/03/30 19:41:17 Updated game 00eca905-9c87-4518-a327-bc1ef1451d7a
INFO:root:[MM00] [0] 2026/03/30 19:41:17 Handling request locally for endpoint: /queue/poll
INFO:root:[MM00] [0] 2026/03/30 19:41:17 User "User 2" has been matched, sending game server [0] http://localhost:3000
INFO:root:[GS00] [0] 2026/03/30 19:41:17 Client "User 2" connected
INFO:root:[GS00] [0] 2026/03/30 19:41:17 Game Identified 00eca905-9c87-4518-a327-bc1ef1451d7a
INFO:root:[GS00] [0] 2026/03/30 19:41:17 Waiting for opponent
INFO:root:[MM00] [0] 2026/03/30 19:41:19 Handling request locally for endpoint: /queue/poll
INFO:root:[MM00] [0] 2026/03/30 19:41:19 User "User 1" has been matched, sending game server [0] http://localhost:3000
INFO:root:[GS00] [0] 2026/03/30 19:41:19 Client "User 1" connected
INFO:root:[GS00] [0] 2026/03/30 19:41:19 Game Identified 00eca905-9c87-4518-a327-bc1ef1451d7a
INFO:root:[GS00] [0] 2026/03/30 19:41:19 Starting game: 00eca905-9c87-4518-a327-bc1ef1451d7a
INFO:root:[GS00] [0] 2026/03/30 19:41:21 Broadcasting snapshot for game: 00eca905-9c87-4518-a327-bc1ef1451d7a
INFO:root:[Name Server] 2026/03/30 19:41:21 GET /game-servers - [{"id":0,"url":"http://localhost:3000"},{"id":1,"url":"http://localhost:3001"},{"id":2,"url":"http://localhost:3002"}]
INFO:root:[GS00] [0] 2026/03/30 19:41:21 Refreshed the list of other Game Servers
INFO:root:[GS01] [1] 2026/03/30 19:41:21 Received broadcast
INFO:root:[GS00] [0] 2026/03/30 19:41:21     1: http://localhost:3001
INFO:root:[GS02] [2] 2026/03/30 19:41:21 Received broadcast
INFO:root:[GS01] [1] 2026/03/30 19:41:21 Received snapshot for game 00eca905-9c87-4518-a327-bc1ef1451d7a
INFO:root:[GS00] [0] 2026/03/30 19:41:21     2: http://localhost:3002
INFO:root:[GS02] [2] 2026/03/30 19:41:21 Received snapshot for game 00eca905-9c87-4518-a327-bc1ef1451d7a
INFO:root:[GS01] [1] 2026/03/30 19:41:21 Updated game 00eca905-9c87-4518-a327-bc1ef1451d7a
INFO:root:[GS00] [0] 2026/03/30 19:41:21 Sending request to: http://localhost:3001/internal
INFO:root:[GS02] [2] 2026/03/30 19:41:21 Updated game 00eca905-9c87-4518-a327-bc1ef1451d7a
INFO:root:[GS00] [0] 2026/03/30 19:41:21 Sending request to: http://localhost:3002/internal
INFO:root:[GS00] [0] 2026/03/30 19:41:21 Message Broadcast Successful
INFO:root:[GS00] [0] 2026/03/30 19:41:22 Broadcasting snapshot for game: 00eca905-9c87-4518-a327-bc1ef1451d7a
INFO:root:[Name Server] 2026/03/30 19:41:22 GET /game-servers - [{"id":0,"url":"http://localhost:3000"},{"id":1,"url":"http://localhost:3001"},{"id":2,"url":"http://localhost:3002"}]
INFO:root:[GS00] [0] 2026/03/30 19:41:22 Refreshed the list of other Game Servers
INFO:root:[GS00] [0] 2026/03/30 19:41:22     1: http://localhost:3001
INFO:root:[GS01] [1] 2026/03/30 19:41:22 Received broadcast
INFO:root:[GS00] [0] 2026/03/30 19:41:22     2: http://localhost:3002
INFO:root:[GS02] [2] 2026/03/30 19:41:22 Received broadcast
INFO:root:[GS01] [1] 2026/03/30 19:41:22 Received snapshot for game 00eca905-9c87-4518-a327-bc1ef1451d7a
INFO:root:[GS01] [1] 2026/03/30 19:41:22 Updated game 00eca905-9c87-4518-a327-bc1ef1451d7a
INFO:root:[GS02] [2] 2026/03/30 19:41:22 Received snapshot for game 00eca905-9c87-4518-a327-bc1ef1451d7a
INFO:root:[GS02] [2] 2026/03/30 19:41:22 Updated game 00eca905-9c87-4518-a327-bc1ef1451d7a
INFO:root:[GS00] [0] 2026/03/30 19:41:22 Sending request to: http://localhost:3001/internal
INFO:root:[GS00] [0] 2026/03/30 19:41:22 Sending request to: http://localhost:3002/internal
INFO:root:[GS00] [0] 2026/03/30 19:41:22 Message Broadcast Successful
INFO:root:[GS00] [0] 2026/03/30 19:41:23 Broadcasting snapshot for game: 00eca905-9c87-4518-a327-bc1ef1451d7a
INFO:root:[Name Server] 2026/03/30 19:41:23 GET /game-servers - [{"id":0,"url":"http://localhost:3000"},{"id":1,"url":"http://localhost:3001"},{"id":2,"url":"http://localhost:3002"}]
INFO:root:[GS00] [0] 2026/03/30 19:41:23 Refreshed the list of other Game Servers
INFO:root:[GS01] [1] 2026/03/30 19:41:23 Received broadcast
INFO:root:[GS00] [0] 2026/03/30 19:41:23     1: http://localhost:3001
INFO:root:[GS02] [2] 2026/03/30 19:41:23 Received broadcast
INFO:root:[GS01] [1] 2026/03/30 19:41:23 Received snapshot for game 00eca905-9c87-4518-a327-bc1ef1451d7a
INFO:root:[GS00] [0] 2026/03/30 19:41:23     2: http://localhost:3002
INFO:root:[GS02] [2] 2026/03/30 19:41:23 Received snapshot for game 00eca905-9c87-4518-a327-bc1ef1451d7a
INFO:root:[GS01] [1] 2026/03/30 19:41:23 Updated game 00eca905-9c87-4518-a327-bc1ef1451d7a
INFO:root:[GS00] [0] 2026/03/30 19:41:23 Sending request to: http://localhost:3001/internal
INFO:root:[GS02] [2] 2026/03/30 19:41:23 Updated game 00eca905-9c87-4518-a327-bc1ef1451d7a
INFO:root:[GS00] [0] 2026/03/30 19:41:23 Sending request to: http://localhost:3002/internal
INFO:root:[GS00] [0] 2026/03/30 19:41:23 Message Broadcast Successful
INFO:root:[Name Server] 2026/03/30 19:41:24 GET /game-servers - [{"id":0,"url":"http://localhost:3000"},{"id":1,"url":"http://localhost:3001"},{"id":2,"url":"http://localhost:3002"}]
INFO:root:[GS00] [0] 2026/03/30 19:41:24 Refreshed the list of other Game Servers
INFO:root:[GS00] [0] 2026/03/30 19:41:24     1: http://localhost:3001
INFO:root:[GS00] [0] 2026/03/30 19:41:24     2: http://localhost:3002
INFO:root:Killing game server "GS01"
DEBUG:root:[GS01] Terminated
INFO:root:Game server "GS01" killed
INFO:root:Killing game server "GS00"
INFO:root:[MM00] [0] 2026/03/30 19:41:31 Handling request locally for endpoint: /match/request-new-game-server
INFO:root:[MM00] [0] 2026/03/30 19:41:31 Handling request locally for endpoint: /match/request-new-game-server
DEBUG:root:[GS00] Terminated
INFO:root:Game server "GS00" killed
INFO:root:[MM00] [0] 2026/03/30 19:41:31 Deregistering Game Server 0
INFO:root:[Name Server] 2026/03/30 19:41:31 POST /deregister/game-server - 0
INFO:root:[MM00] [0] 2026/03/30 19:41:31 Finding a replacement Game Server for match 00eca905-9c87-4518-a327-bc1ef1451d7a
INFO:root:[Name Server] 2026/03/30 19:41:31 GET /game-servers - [{"id":1,"url":"http://localhost:3001"},{"id":2,"url":"http://localhost:3002"}]
INFO:root:[MM00] [0] 2026/03/30 19:41:32 Failed to send match to game server [1] http://localhost:3001: Post "http://localhost:3001/takeover": dial tcp [::1]:3001: connectex: No connection could be made because the target machine actively refused it.
INFO:root:[Name Server] 2026/03/30 19:41:32 POST /deregister/game-server - 1
INFO:root:[MM00] [0] 2026/03/30 19:41:32 Deregistering Game Server 1
INFO:root:[Name Server] 2026/03/30 19:41:32 GET /game-servers - [{"id":2,"url":"http://localhost:3002"}]
INFO:root:[GS02] [2] 2026/03/30 19:41:32 Taking over game: 00eca905-9c87-4518-a327-bc1ef1451d7a
INFO:root:[Name Server] 2026/03/30 19:41:32 GET /game-servers - [{"id":2,"url":"http://localhost:3002"}]
INFO:root:[GS02] [2] 2026/03/30 19:41:32 Broadcasting snapshot for game: 00eca905-9c87-4518-a327-bc1ef1451d7a
INFO:root:[MM00] [0] 2026/03/30 19:41:32 Match 00eca905-9c87-4518-a327-bc1ef1451d7a moved to Game Server [2] http://localhost:3002
INFO:root:[GS02] [2] 2026/03/30 19:41:32 Refreshed the list of other Game Servers
INFO:root:[GS02] [2] 2026/03/30 19:41:32 Message Broadcast Successful
INFO:root:[MM00] [0] 2026/03/30 19:41:32 Handling request locally for endpoint: /queue/poll
INFO:root:[MM00] [0] 2026/03/30 19:41:32 User "User 2" has been matched, sending game server [2] http://localhost:3002
INFO:root:[MM00] [0] 2026/03/30 19:41:32 Handling request locally for endpoint: /queue/poll
INFO:root:[MM00] [0] 2026/03/30 19:41:32 User "User 1" has been matched, sending game server [2] http://localhost:3002
INFO:root:[GS02] [2] 2026/03/30 19:41:32 Client "User 2" connected
INFO:root:[GS02] [2] 2026/03/30 19:41:32 Game Identified 00eca905-9c87-4518-a327-bc1ef1451d7a
INFO:root:[GS02] [2] 2026/03/30 19:41:32 Waiting for opponent
INFO:root:[GS02] [2] 2026/03/30 19:41:32 Client "User 1" connected
INFO:root:[GS02] [2] 2026/03/30 19:41:32 Game Identified 00eca905-9c87-4518-a327-bc1ef1451d7a
INFO:root:[GS02] [2] 2026/03/30 19:41:32 Starting game: 00eca905-9c87-4518-a327-bc1ef1451d7a
INFO:root:[Name Server] 2026/03/30 19:41:32 GET /game-servers - [{"id":2,"url":"http://localhost:3002"}]
INFO:root:[GS02] [2] 2026/03/30 19:41:32 Refreshed the list of other Game Servers
INFO:root:[GS02] [2] 2026/03/30 19:41:44 Broadcasting snapshot for game: 00eca905-9c87-4518-a327-bc1ef1451d7a
INFO:root:[Name Server] 2026/03/30 19:41:44 GET /game-servers - [{"id":2,"url":"http://localhost:3002"}]
INFO:root:[GS02] [2] 2026/03/30 19:41:44 Refreshed the list of other Game Servers
INFO:root:[GS02] [2] 2026/03/30 19:41:44 Message Broadcast Successful
INFO:root:[GS02] [2] 2026/03/30 19:41:45 Broadcasting snapshot for game: 00eca905-9c87-4518-a327-bc1ef1451d7a
INFO:root:[Name Server] 2026/03/30 19:41:45 GET /game-servers - [{"id":2,"url":"http://localhost:3002"}]
INFO:root:[GS02] [2] 2026/03/30 19:41:45 Refreshed the list of other Game Servers
INFO:root:[GS02] [2] 2026/03/30 19:41:45 Message Broadcast Successful
INFO:root:Created gameserver with pid: "GS03"
INFO:root:[GS03] 2026/03/30 19:41:50 Using name server located at http://localhost:9000
INFO:root:[GS03] 2026/03/30 19:41:50 Game Server running on http://localhost:3003
INFO:root:[Name Server] 2026/03/30 19:41:50 POST /register/game-server - http://localhost:3003
INFO:root:[GS03] 2026/03/30 19:41:50 Registered with ID: 3
INFO:root:[Name Server] 2026/03/30 19:41:50 GET /game-servers - [{"id":2,"url":"http://localhost:3002"},{"id":3,"url":"http://localhost:3003"}]
INFO:root:[GS03] [3] 2026/03/30 19:41:50 Refreshed the list of other Game Servers
INFO:root:[GS03] [3] 2026/03/30 19:41:50     2: http://localhost:3002
INFO:root:[Name Server] 2026/03/30 19:41:52 GET /game-servers - [{"id":2,"url":"http://localhost:3002"},{"id":3,"url":"http://localhost:3003"}]
INFO:root:[GS02] [2] 2026/03/30 19:41:52 Refreshed the list of other Game Servers
INFO:root:[GS02] [2] 2026/03/30 19:41:52     3: http://localhost:3003
INFO:root:Created gameserver with pid: "GS04"
INFO:root:[GS04] 2026/03/30 19:41:53 Using name server located at http://localhost:9000
INFO:root:[GS04] 2026/03/30 19:41:53 Game Server running on http://localhost:3004
INFO:root:[Name Server] 2026/03/30 19:41:53 POST /register/game-server - http://localhost:3004
INFO:root:[GS04] 2026/03/30 19:41:53 Registered with ID: 4
INFO:root:[Name Server] 2026/03/30 19:41:53 GET /game-servers - [{"id":2,"url":"http://localhost:3002"},{"id":3,"url":"http://localhost:3003"},{"id":4,"url":"http://localhost:3004"}]
INFO:root:[GS04] [4] 2026/03/30 19:41:53 Refreshed the list of other Game Servers
INFO:root:[GS04] [4] 2026/03/30 19:41:53     2: http://localhost:3002
INFO:root:[GS04] [4] 2026/03/30 19:41:53     3: http://localhost:3003
INFO:root:Killing game server "GS03"
DEBUG:root:[GS03] Terminated
INFO:root:Game server "GS03" killed
INFO:root:Killing game server "GS02"
INFO:root:[MM00] [0] 2026/03/30 19:42:08 Handling request locally for endpoint: /match/request-new-game-server
INFO:root:[MM00] [0] 2026/03/30 19:42:08 Handling request locally for endpoint: /match/request-new-game-server
DEBUG:root:[GS02] Terminated
INFO:root:Game server "GS02" killed
INFO:root:[MM00] [0] 2026/03/30 19:42:08 Deregistering Game Server 2
INFO:root:[Name Server] 2026/03/30 19:42:08 POST /deregister/game-server - 2
INFO:root:[MM00] [0] 2026/03/30 19:42:08 Finding a replacement Game Server for match 00eca905-9c87-4518-a327-bc1ef1451d7a
INFO:root:[Name Server] 2026/03/30 19:42:08 GET /game-servers - [{"id":3,"url":"http://localhost:3003"},{"id":4,"url":"http://localhost:3004"}]
INFO:root:[MM00] [0] 2026/03/30 19:42:08 Failed to send match to game server [3] http://localhost:3003: Post "http://localhost:3003/takeover": dial tcp [::1]:3003: connectex: No connection could be made because the target machine actively refused it.
INFO:root:[Name Server] 2026/03/30 19:42:08 POST /deregister/game-server - 3
INFO:root:[MM00] [0] 2026/03/30 19:42:08 Deregistering Game Server 3
INFO:root:[Name Server] 2026/03/30 19:42:08 GET /game-servers - [{"id":4,"url":"http://localhost:3004"}]
INFO:root:[GS04] [4] 2026/03/30 19:42:08 Taking over game: 00eca905-9c87-4518-a327-bc1ef1451d7a
INFO:root:[MM00] [0] 2026/03/30 19:42:08 Match 00eca905-9c87-4518-a327-bc1ef1451d7a moved to Game Server [4] http://localhost:3004
INFO:root:[MM00] [0] 2026/03/30 19:42:08 Handling request locally for endpoint: /queue/poll
INFO:root:[MM00] [0] 2026/03/30 19:42:08 User "User 1" has been matched, sending game server [4] http://localhost:3004
INFO:root:[MM00] [0] 2026/03/30 19:42:08 Handling request locally for endpoint: /queue/poll
INFO:root:[MM00] [0] 2026/03/30 19:42:08 User "User 2" has been matched, sending game server [4] http://localhost:3004
INFO:root:[GS04] [4] 2026/03/30 19:42:08 Client "User 1" connected
INFO:root:[GS04] [4] 2026/03/30 19:42:08 Player User 1 is not in a pending game
INFO:root:[GS04] [4] 2026/03/30 19:42:08 Client "User 2" connected
INFO:root:[GS04] [4] 2026/03/30 19:42:08 Player User 2 is not in a pending game
INFO:root:[Name Server] 2026/03/30 19:42:13 GET /game-servers - [{"id":4,"url":"http://localhost:3004"}]
INFO:root:[GS04] [4] 2026/03/30 19:42:13 Refreshed the list of other Game Servers
INFO:root:[Name Server] 2026/03/30 19:42:33 GET /game-servers - [{"id":4,"url":"http://localhost:3004"}]
INFO:root:[GS04] [4] 2026/03/30 19:42:33 Refreshed the list of other Game Servers
INFO:root:[Name Server] 2026/03/30 19:42:53 GET /game-servers - [{"id":4,"url":"http://localhost:3004"}]
INFO:root:[GS04] [4] 2026/03/30 19:42:53 Refreshed the list of other Game Servers
INFO:root:[Name Server] 2026/03/30 19:43:13 GET /game-servers - [{"id":4,"url":"http://localhost:3004"}]
INFO:root:[GS04] [4] 2026/03/30 19:43:13 Refreshed the list of other Game Servers
INFO:root:[Name Server] 2026/03/30 19:43:33 GET /game-servers - [{"id":4,"url":"http://localhost:3004"}]
INFO:root:[GS04] [4] 2026/03/30 19:43:33 Refreshed the list of other Game Servers
INFO:root:[Name Server] 2026/03/30 19:43:53 GET /game-servers - [{"id":4,"url":"http://localhost:3004"}]
INFO:root:[GS04] [4] 2026/03/30 19:43:53 Refreshed the list of other Game Servers
INFO:root:[Name Server] 2026/03/30 19:44:13 GET /game-servers - [{"id":4,"url":"http://localhost:3004"}]
INFO:root:[GS04] [4] 2026/03/30 19:44:13 Refreshed the list of other Game Servers
INFO:root:[Name Server] 2026/03/30 19:44:33 GET /game-servers - [{"id":4,"url":"http://localhost:3004"}]
INFO:root:[GS04] [4] 2026/03/30 19:44:33 Refreshed the list of other Game Servers
INFO:root:[Name Server] 2026/03/30 19:44:53 GET /game-servers - [{"id":4,"url":"http://localhost:3004"}]
INFO:root:[GS04] [4] 2026/03/30 19:44:53 Refreshed the list of other Game Servers
INFO:root:[Name Server] 2026/03/30 19:45:13 GET /game-servers - [{"id":4,"url":"http://localhost:3004"}]
INFO:root:[GS04] [4] 2026/03/30 19:45:13 Refreshed the list of other Game Servers
INFO:root:[Name Server] 2026/03/30 19:45:33 GET /game-servers - [{"id":4,"url":"http://localhost:3004"}]
INFO:root:[GS04] [4] 2026/03/30 19:45:33 Refreshed the list of other Game Servers
INFO:root:[Name Server] 2026/03/30 19:45:53 GET /game-servers - [{"id":4,"url":"http://localhost:3004"}]
INFO:root:[GS04] [4] 2026/03/30 19:45:53 Refreshed the list of other Game Servers
INFO:root:[Name Server] 2026/03/30 19:46:13 GET /game-servers - [{"id":4,"url":"http://localhost:3004"}]
INFO:root:[GS04] [4] 2026/03/30 19:46:13 Refreshed the list of other Game Servers
INFO:root:[Name Server] 2026/03/30 19:46:33 GET /game-servers - [{"id":4,"url":"http://localhost:3004"}]
INFO:root:[GS04] [4] 2026/03/30 19:46:33 Refreshed the list of other Game Servers
INFO:root:[Name Server] 2026/03/30 19:46:53 GET /game-servers - [{"id":4,"url":"http://localhost:3004"}]
INFO:root:[GS04] [4] 2026/03/30 19:46:53 Refreshed the list of other Game Servers
INFO:root:[Name Server] 2026/03/30 19:47:13 GET /game-servers - [{"id":4,"url":"http://localhost:3004"}]
INFO:root:[GS04] [4] 2026/03/30 19:47:13 Refreshed the list of other Game Servers
INFO:root:[Name Server] 2026/03/30 19:47:33 GET /game-servers - [{"id":4,"url":"http://localhost:3004"}]
INFO:root:[GS04] [4] 2026/03/30 19:47:33 Refreshed the list of other Game Servers
INFO:root:[Name Server] 2026/03/30 19:47:53 GET /game-servers - [{"id":4,"url":"http://localhost:3004"}]
INFO:root:[GS04] [4] 2026/03/30 19:47:53 Refreshed the list of other Game Servers
INFO:root:[Name Server] 2026/03/30 19:48:13 GET /game-servers - [{"id":4,"url":"http://localhost:3004"}]
INFO:root:[GS04] [4] 2026/03/30 19:48:13 Refreshed the list of other Game Servers
INFO:root:[Name Server] 2026/03/30 19:48:33 GET /game-servers - [{"id":4,"url":"http://localhost:3004"}]
INFO:root:[GS04] [4] 2026/03/30 19:48:33 Refreshed the list of other Game Servers
INFO:root:[Name Server] 2026/03/30 19:48:53 GET /game-servers - [{"id":4,"url":"http://localhost:3004"}]
INFO:root:[GS04] [4] 2026/03/30 19:48:53 Refreshed the list of other Game Servers
INFO:root:[Name Server] 2026/03/30 19:49:13 GET /game-servers - [{"id":4,"url":"http://localhost:3004"}]
INFO:root:[GS04] [4] 2026/03/30 19:49:13 Refreshed the list of other Game Servers
INFO:root:[Name Server] 2026/03/30 19:49:33 GET /game-servers - [{"id":4,"url":"http://localhost:3004"}]
INFO:root:[GS04] [4] 2026/03/30 19:49:33 Refreshed the list of other Game Servers
INFO:root:[Name Server] 2026/03/30 19:49:53 GET /game-servers - [{"id":4,"url":"http://localhost:3004"}]
INFO:root:[GS04] [4] 2026/03/30 19:49:53 Refreshed the list of other Game Servers
INFO:root:[Name Server] 2026/03/30 19:50:13 GET /game-servers - [{"id":4,"url":"http://localhost:3004"}]
INFO:root:[GS04] [4] 2026/03/30 19:50:13 Refreshed the list of other Game Servers
INFO:root:[Name Server] 2026/03/30 19:50:33 GET /game-servers - [{"id":4,"url":"http://localhost:3004"}]
INFO:root:[GS04] [4] 2026/03/30 19:50:33 Refreshed the list of other Game Servers
INFO:root:[Name Server] 2026/03/30 19:50:53 GET /game-servers - [{"id":4,"url":"http://localhost:3004"}]
INFO:root:[GS04] [4] 2026/03/30 19:50:53 Refreshed the list of other Game Servers
INFO:root:[Name Server] 2026/03/30 19:51:13 GET /game-servers - [{"id":4,"url":"http://localhost:3004"}]
INFO:root:[GS04] [4] 2026/03/30 19:51:13 Refreshed the list of other Game Servers
INFO:root:[Name Server] 2026/03/30 19:51:33 GET /game-servers - [{"id":4,"url":"http://localhost:3004"}]
INFO:root:[GS04] [4] 2026/03/30 19:51:33 Refreshed the list of other Game Servers
INFO:root:[Name Server] 2026/03/30 19:51:53 GET /game-servers - [{"id":4,"url":"http://localhost:3004"}]
INFO:root:[GS04] [4] 2026/03/30 19:51:53 Refreshed the list of other Game Servers
INFO:root:[Name Server] 2026/03/30 19:52:13 GET /game-servers - [{"id":4,"url":"http://localhost:3004"}]
INFO:root:[GS04] [4] 2026/03/30 19:52:13 Refreshed the list of other Game Servers
INFO:root:[Name Server] 2026/03/30 19:52:33 GET /game-servers - [{"id":4,"url":"http://localhost:3004"}]
INFO:root:[GS04] [4] 2026/03/30 19:52:33 Refreshed the list of other Game Servers
INFO:root:[Name Server] 2026/03/30 19:52:53 GET /game-servers - [{"id":4,"url":"http://localhost:3004"}]
INFO:root:[GS04] [4] 2026/03/30 19:52:53 Refreshed the list of other Game Servers
INFO:root:[Name Server] 2026/03/30 19:53:13 GET /game-servers - [{"id":4,"url":"http://localhost:3004"}]
INFO:root:[GS04] [4] 2026/03/30 19:53:13 Refreshed the list of other Game Servers
INFO:root:[Name Server] 2026/03/30 19:53:33 GET /game-servers - [{"id":4,"url":"http://localhost:3004"}]
INFO:root:[GS04] [4] 2026/03/30 19:53:33 Refreshed the list of other Game Servers
INFO:root:[Name Server] 2026/03/30 19:53:53 GET /game-servers - [{"id":4,"url":"http://localhost:3004"}]
INFO:root:[GS04] [4] 2026/03/30 19:53:53 Refreshed the list of other Game Servers
INFO:root:[Name Server] 2026/03/30 19:54:13 GET /game-servers - [{"id":4,"url":"http://localhost:3004"}]
INFO:root:[GS04] [4] 2026/03/30 19:54:13 Refreshed the list of other Game Servers
INFO:root:[Name Server] 2026/03/30 19:54:33 GET /game-servers - [{"id":4,"url":"http://localhost:3004"}]
INFO:root:[GS04] [4] 2026/03/30 19:54:33 Refreshed the list of other Game Servers
INFO:root:[Name Server] 2026/03/30 19:54:53 GET /game-servers - [{"id":4,"url":"http://localhost:3004"}]
INFO:root:[GS04] [4] 2026/03/30 19:54:53 Refreshed the list of other Game Servers
INFO:root:[Name Server] 2026/03/30 19:55:13 GET /game-servers - [{"id":4,"url":"http://localhost:3004"}]
INFO:root:[GS04] [4] 2026/03/30 19:55:13 Refreshed the list of other Game Servers
INFO:root:[Name Server] 2026/03/30 19:55:33 GET /game-servers - [{"id":4,"url":"http://localhost:3004"}]
INFO:root:[GS04] [4] 2026/03/30 19:55:33 Refreshed the list of other Game Servers
INFO:root:[Name Server] 2026/03/30 19:55:53 GET /game-servers - [{"id":4,"url":"http://localhost:3004"}]
INFO:root:[GS04] [4] 2026/03/30 19:55:53 Refreshed the list of other Game Servers
INFO:root:[Name Server] 2026/03/30 19:56:13 GET /game-servers - [{"id":4,"url":"http://localhost:3004"}]
INFO:root:[GS04] [4] 2026/03/30 19:56:13 Refreshed the list of other Game Servers
INFO:root:[Name Server] 2026/03/30 19:56:33 GET /game-servers - [{"id":4,"url":"http://localhost:3004"}]
INFO:root:[GS04] [4] 2026/03/30 19:56:33 Refreshed the list of other Game Servers
INFO:root:[Name Server] 2026/03/30 19:56:53 GET /game-servers - [{"id":4,"url":"http://localhost:3004"}]
INFO:root:[GS04] [4] 2026/03/30 19:56:53 Refreshed the list of other Game Servers
INFO:root:[Name Server] 2026/03/30 19:57:13 GET /game-servers - [{"id":4,"url":"http://localhost:3004"}]
INFO:root:[GS04] [4] 2026/03/30 19:57:13 Refreshed the list of other Game Servers
INFO:root:[Name Server] 2026/03/30 19:57:33 GET /game-servers - [{"id":4,"url":"http://localhost:3004"}]
INFO:root:[GS04] [4] 2026/03/30 19:57:33 Refreshed the list of other Game Servers
INFO:root:[Name Server] 2026/03/30 19:57:53 GET /game-servers - [{"id":4,"url":"http://localhost:3004"}]
INFO:root:[GS04] [4] 2026/03/30 19:57:53 Refreshed the list of other Game Servers
INFO:root:[Name Server] 2026/03/30 19:58:13 GET /game-servers - [{"id":4,"url":"http://localhost:3004"}]
INFO:root:[GS04] [4] 2026/03/30 19:58:13 Refreshed the list of other Game Servers
INFO:root:[Name Server] 2026/03/30 19:58:33 GET /game-servers - [{"id":4,"url":"http://localhost:3004"}]
INFO:root:[GS04] [4] 2026/03/30 19:58:33 Refreshed the list of other Game Servers
INFO:root:[Name Server] 2026/03/30 19:58:53 GET /game-servers - [{"id":4,"url":"http://localhost:3004"}]
INFO:root:[GS04] [4] 2026/03/30 19:58:53 Refreshed the list of other Game Servers
INFO:root:[Name Server] 2026/03/30 19:59:13 GET /game-servers - [{"id":4,"url":"http://localhost:3004"}]
INFO:root:[GS04] [4] 2026/03/30 19:59:13 Refreshed the list of other Game Servers
INFO:root:[Name Server] 2026/03/30 19:59:33 GET /game-servers - [{"id":4,"url":"http://localhost:3004"}]
INFO:root:[GS04] [4] 2026/03/30 19:59:33 Refreshed the list of other Game Servers
INFO:root:[Name Server] 2026/03/30 19:59:53 GET /game-servers - [{"id":4,"url":"http://localhost:3004"}]
INFO:root:[GS04] [4] 2026/03/30 19:59:53 Refreshed the list of other Game Servers
INFO:root:[Name Server] 2026/03/30 20:00:13 GET /game-servers - [{"id":4,"url":"http://localhost:3004"}]
INFO:root:[GS04] [4] 2026/03/30 20:00:13 Refreshed the list of other Game Servers
INFO:root:[Name Server] 2026/03/30 20:00:33 GET /game-servers - [{"id":4,"url":"http://localhost:3004"}]
INFO:root:[GS04] [4] 2026/03/30 20:00:33 Refreshed the list of other Game Servers
INFO:root:[Name Server] 2026/03/30 20:00:53 GET /game-servers - [{"id":4,"url":"http://localhost:3004"}]
INFO:root:[GS04] [4] 2026/03/30 20:00:53 Refreshed the list of other Game Servers
INFO:root:[Name Server] 2026/03/30 20:01:13 GET /game-servers - [{"id":4,"url":"http://localhost:3004"}]
INFO:root:[GS04] [4] 2026/03/30 20:01:13 Refreshed the list of other Game Servers
INFO:root:[Name Server] 2026/03/30 20:01:33 GET /game-servers - [{"id":4,"url":"http://localhost:3004"}]
INFO:root:[GS04] [4] 2026/03/30 20:01:33 Refreshed the list of other Game Servers
INFO:root:[Name Server] 2026/03/30 20:01:53 GET /game-servers - [{"id":4,"url":"http://localhost:3004"}]
INFO:root:[GS04] [4] 2026/03/30 20:01:53 Refreshed the list of other Game Servers
INFO:root:[Name Server] 2026/03/30 20:02:13 GET /game-servers - [{"id":4,"url":"http://localhost:3004"}]
INFO:root:[GS04] [4] 2026/03/30 20:02:13 Refreshed the list of other Game Servers
INFO:root:[Name Server] 2026/03/30 20:02:33 GET /game-servers - [{"id":4,"url":"http://localhost:3004"}]
INFO:root:[GS04] [4] 2026/03/30 20:02:33 Refreshed the list of other Game Servers
INFO:root:[Name Server] 2026/03/30 20:02:53 GET /game-servers - [{"id":4,"url":"http://localhost:3004"}]
INFO:root:[GS04] [4] 2026/03/30 20:02:53 Refreshed the list of other Game Servers
INFO:root:[Name Server] 2026/03/30 20:03:13 GET /game-servers - [{"id":4,"url":"http://localhost:3004"}]
INFO:root:[GS04] [4] 2026/03/30 20:03:13 Refreshed the list of other Game Servers
INFO:root:[Name Server] 2026/03/30 20:03:33 GET /game-servers - [{"id":4,"url":"http://localhost:3004"}]
INFO:root:[GS04] [4] 2026/03/30 20:03:33 Refreshed the list of other Game Servers
INFO:root:[Name Server] 2026/03/30 20:03:53 GET /game-servers - [{"id":4,"url":"http://localhost:3004"}]
INFO:root:[GS04] [4] 2026/03/30 20:03:53 Refreshed the list of other Game Servers
INFO:root:[Name Server] 2026/03/30 20:04:13 GET /game-servers - [{"id":4,"url":"http://localhost:3004"}]
INFO:root:[GS04] [4] 2026/03/30 20:04:13 Refreshed the list of other Game Servers
INFO:root:[Name Server] 2026/03/30 20:04:33 GET /game-servers - [{"id":4,"url":"http://localhost:3004"}]
INFO:root:[GS04] [4] 2026/03/30 20:04:33 Refreshed the list of other Game Servers
INFO:root:[Name Server] 2026/03/30 20:04:53 GET /game-servers - [{"id":4,"url":"http://localhost:3004"}]
INFO:root:[GS04] [4] 2026/03/30 20:04:53 Refreshed the list of other Game Servers
INFO:root:[Name Server] 2026/03/30 20:05:13 GET /game-servers - [{"id":4,"url":"http://localhost:3004"}]
INFO:root:[GS04] [4] 2026/03/30 20:05:13 Refreshed the list of other Game Servers
INFO:root:[Name Server] 2026/03/30 20:05:33 GET /game-servers - [{"id":4,"url":"http://localhost:3004"}]
INFO:root:[GS04] [4] 2026/03/30 20:05:33 Refreshed the list of other Game Servers
INFO:root:[Name Server] 2026/03/30 20:05:53 GET /game-servers - [{"id":4,"url":"http://localhost:3004"}]
INFO:root:[GS04] [4] 2026/03/30 20:05:53 Refreshed the list of other Game Servers
INFO:root:[Name Server] 2026/03/30 20:06:13 GET /game-servers - [{"id":4,"url":"http://localhost:3004"}]
INFO:root:[GS04] [4] 2026/03/30 20:06:13 Refreshed the list of other Game Servers
INFO:root:[Name Server] 2026/03/30 20:06:33 GET /game-servers - [{"id":4,"url":"http://localhost:3004"}]
INFO:root:[GS04] [4] 2026/03/30 20:06:33 Refreshed the list of other Game Servers
INFO:root:[Name Server] 2026/03/30 20:06:53 GET /game-servers - [{"id":4,"url":"http://localhost:3004"}]
INFO:root:[GS04] [4] 2026/03/30 20:06:53 Refreshed the list of other Game Servers
INFO:root:[Name Server] 2026/03/30 20:07:13 GET /game-servers - [{"id":4,"url":"http://localhost:3004"}]
INFO:root:[GS04] [4] 2026/03/30 20:07:13 Refreshed the list of other Game Servers
INFO:root:[Name Server] 2026/03/30 20:07:33 GET /game-servers - [{"id":4,"url":"http://localhost:3004"}]
INFO:root:[GS04] [4] 2026/03/30 20:07:33 Refreshed the list of other Game Servers
INFO:root:[Name Server] 2026/03/30 20:07:53 GET /game-servers - [{"id":4,"url":"http://localhost:3004"}]
INFO:root:[GS04] [4] 2026/03/30 20:07:53 Refreshed the list of other Game Servers
INFO:root:[Name Server] 2026/03/30 20:08:13 GET /game-servers - [{"id":4,"url":"http://localhost:3004"}]
INFO:root:[GS04] [4] 2026/03/30 20:08:13 Refreshed the list of other Game Servers
INFO:root:[Name Server] 2026/03/30 20:08:33 GET /game-servers - [{"id":4,"url":"http://localhost:3004"}]
INFO:root:[GS04] [4] 2026/03/30 20:08:33 Refreshed the list of other Game Servers
INFO:root:[Name Server] 2026/03/30 20:08:53 GET /game-servers - [{"id":4,"url":"http://localhost:3004"}]
INFO:root:[GS04] [4] 2026/03/30 20:08:53 Refreshed the list of other Game Servers
INFO:root:[Name Server] 2026/03/30 20:09:13 GET /game-servers - [{"id":4,"url":"http://localhost:3004"}]
INFO:root:[GS04] [4] 2026/03/30 20:09:13 Refreshed the list of other Game Servers
INFO:root:[Name Server] 2026/03/30 20:09:33 GET /game-servers - [{"id":4,"url":"http://localhost:3004"}]
INFO:root:[GS04] [4] 2026/03/30 20:09:33 Refreshed the list of other Game Servers
INFO:root:[Name Server] 2026/03/30 20:09:53 GET /game-servers - [{"id":4,"url":"http://localhost:3004"}]
INFO:root:[GS04] [4] 2026/03/30 20:09:53 Refreshed the list of other Game Servers
INFO:root:[Name Server] 2026/03/30 20:10:13 GET /game-servers - [{"id":4,"url":"http://localhost:3004"}]
INFO:root:[GS04] [4] 2026/03/30 20:10:13 Refreshed the list of other Game Servers
INFO:root:[Name Server] 2026/03/30 20:10:33 GET /game-servers - [{"id":4,"url":"http://localhost:3004"}]
INFO:root:[GS04] [4] 2026/03/30 20:10:33 Refreshed the list of other Game Servers
INFO:root:[Name Server] 2026/03/30 20:10:53 GET /game-servers - [{"id":4,"url":"http://localhost:3004"}]
INFO:root:[GS04] [4] 2026/03/30 20:10:53 Refreshed the list of other Game Servers
INFO:root:[Name Server] 2026/03/30 20:11:13 GET /game-servers - [{"id":4,"url":"http://localhost:3004"}]
INFO:root:[GS04] [4] 2026/03/30 20:11:13 Refreshed the list of other Game Servers
INFO:root:[Name Server] 2026/03/30 20:11:33 GET /game-servers - [{"id":4,"url":"http://localhost:3004"}]
INFO:root:[GS04] [4] 2026/03/30 20:11:33 Refreshed the list of other Game Servers
INFO:root:[Name Server] 2026/03/30 20:11:53 GET /game-servers - [{"id":4,"url":"http://localhost:3004"}]
INFO:root:[GS04] [4] 2026/03/30 20:11:53 Refreshed the list of other Game Servers
INFO:root:[Name Server] 2026/03/30 20:12:13 GET /game-servers - [{"id":4,"url":"http://localhost:3004"}]
INFO:root:[GS04] [4] 2026/03/30 20:12:13 Refreshed the list of other Game Servers
INFO:root:[Name Server] 2026/03/30 20:12:33 GET /game-servers - [{"id":4,"url":"http://localhost:3004"}]
INFO:root:[GS04] [4] 2026/03/30 20:12:33 Refreshed the list of other Game Servers
INFO:root:[Name Server] 2026/03/30 20:12:53 GET /game-servers - [{"id":4,"url":"http://localhost:3004"}]
INFO:root:[GS04] [4] 2026/03/30 20:12:53 Refreshed the list of other Game Servers
INFO:root:[Name Server] 2026/03/30 20:13:13 GET /game-servers - [{"id":4,"url":"http://localhost:3004"}]
INFO:root:[GS04] [4] 2026/03/30 20:13:13 Refreshed the list of other Game Servers
INFO:root:[Name Server] 2026/03/30 20:13:33 GET /game-servers - [{"id":4,"url":"http://localhost:3004"}]
INFO:root:[GS04] [4] 2026/03/30 20:13:33 Refreshed the list of other Game Servers
INFO:root:[Name Server] 2026/03/30 20:13:53 GET /game-servers - [{"id":4,"url":"http://localhost:3004"}]
INFO:root:[GS04] [4] 2026/03/30 20:13:53 Refreshed the list of other Game Servers
INFO:root:[Name Server] 2026/03/30 20:14:13 GET /game-servers - [{"id":4,"url":"http://localhost:3004"}]
INFO:root:[GS04] [4] 2026/03/30 20:14:13 Refreshed the list of other Game Servers
INFO:root:[Name Server] 2026/03/30 20:14:33 GET /game-servers - [{"id":4,"url":"http://localhost:3004"}]
INFO:root:[GS04] [4] 2026/03/30 20:14:33 Refreshed the list of other Game Servers
INFO:root:[Name Server] 2026/03/30 20:14:53 GET /game-servers - [{"id":4,"url":"http://localhost:3004"}]
INFO:root:[GS04] [4] 2026/03/30 20:14:53 Refreshed the list of other Game Servers
INFO:root:[Name Server] 2026/03/30 20:15:13 GET /game-servers - [{"id":4,"url":"http://localhost:3004"}]
INFO:root:[GS04] [4] 2026/03/30 20:15:13 Refreshed the list of other Game Servers
INFO:root:[Name Server] 2026/03/30 20:15:33 GET /game-servers - [{"id":4,"url":"http://localhost:3004"}]
INFO:root:[GS04] [4] 2026/03/30 20:15:33 Refreshed the list of other Game Servers
INFO:root:[Name Server] 2026/03/30 20:15:53 GET /game-servers - [{"id":4,"url":"http://localhost:3004"}]
INFO:root:[GS04] [4] 2026/03/30 20:15:53 Refreshed the list of other Game Servers
INFO:root:[Name Server] 2026/03/30 20:16:13 GET /game-servers - [{"id":4,"url":"http://localhost:3004"}]
INFO:root:[GS04] [4] 2026/03/30 20:16:13 Refreshed the list of other Game Servers
INFO:root:[Name Server] 2026/03/30 20:16:33 GET /game-servers - [{"id":4,"url":"http://localhost:3004"}]
INFO:root:[GS04] [4] 2026/03/30 20:16:33 Refreshed the list of other Game Servers
INFO:root:[Name Server] 2026/03/30 20:16:53 GET /game-servers - [{"id":4,"url":"http://localhost:3004"}]
INFO:root:[GS04] [4] 2026/03/30 20:16:53 Refreshed the list of other Game Servers
INFO:root:[Name Server] 2026/03/30 20:17:13 GET /game-servers - [{"id":4,"url":"http://localhost:3004"}]
INFO:root:[GS04] [4] 2026/03/30 20:17:13 Refreshed the list of other Game Servers
INFO:root:[Name Server] 2026/03/30 20:17:33 GET /game-servers - [{"id":4,"url":"http://localhost:3004"}]
INFO:root:[GS04] [4] 2026/03/30 20:17:33 Refreshed the list of other Game Servers
INFO:root:[Name Server] 2026/03/30 20:17:53 GET /game-servers - [{"id":4,"url":"http://localhost:3004"}]
INFO:root:[GS04] [4] 2026/03/30 20:17:53 Refreshed the list of other Game Servers
INFO:root:[Name Server] 2026/03/30 20:18:13 GET /game-servers - [{"id":4,"url":"http://localhost:3004"}]
INFO:root:[GS04] [4] 2026/03/30 20:18:13 Refreshed the list of other Game Servers
INFO:root:[Name Server] 2026/03/30 20:18:33 GET /game-servers - [{"id":4,"url":"http://localhost:3004"}]
INFO:root:[GS04] [4] 2026/03/30 20:18:33 Refreshed the list of other Game Servers
INFO:root:[Name Server] 2026/03/30 20:18:53 GET /game-servers - [{"id":4,"url":"http://localhost:3004"}]
INFO:root:[GS04] [4] 2026/03/30 20:18:53 Refreshed the list of other Game Servers
INFO:root:[Name Server] 2026/03/30 20:19:13 GET /game-servers - [{"id":4,"url":"http://localhost:3004"}]
INFO:root:[GS04] [4] 2026/03/30 20:19:13 Refreshed the list of other Game Servers
INFO:root:[Name Server] 2026/03/30 20:19:33 GET /game-servers - [{"id":4,"url":"http://localhost:3004"}]
INFO:root:[GS04] [4] 2026/03/30 20:19:33 Refreshed the list of other Game Servers
INFO:root:[Name Server] 2026/03/30 20:19:53 GET /game-servers - [{"id":4,"url":"http://localhost:3004"}]
INFO:root:[GS04] [4] 2026/03/30 20:19:53 Refreshed the list of other Game Servers
INFO:root:[Name Server] 2026/03/30 20:20:13 GET /game-servers - [{"id":4,"url":"http://localhost:3004"}]
INFO:root:[GS04] [4] 2026/03/30 20:20:13 Refreshed the list of other Game Servers
INFO:root:[Name Server] 2026/03/30 20:20:33 GET /game-servers - [{"id":4,"url":"http://localhost:3004"}]
INFO:root:[GS04] [4] 2026/03/30 20:20:33 Refreshed the list of other Game Servers
INFO:root:[Name Server] 2026/03/30 20:20:53 GET /game-servers - [{"id":4,"url":"http://localhost:3004"}]
INFO:root:[GS04] [4] 2026/03/30 20:20:53 Refreshed the list of other Game Servers
INFO:root:[Name Server] 2026/03/30 20:21:13 GET /game-servers - [{"id":4,"url":"http://localhost:3004"}]
INFO:root:[GS04] [4] 2026/03/30 20:21:13 Refreshed the list of other Game Servers
INFO:root:[Name Server] 2026/03/30 20:21:33 GET /game-servers - [{"id":4,"url":"http://localhost:3004"}]
INFO:root:[GS04] [4] 2026/03/30 20:21:33 Refreshed the list of other Game Servers
INFO:root:[Name Server] 2026/03/30 20:21:53 GET /game-servers - [{"id":4,"url":"http://localhost:3004"}]
INFO:root:[GS04] [4] 2026/03/30 20:21:53 Refreshed the list of other Game Servers
INFO:root:[Name Server] 2026/03/30 20:22:13 GET /game-servers - [{"id":4,"url":"http://localhost:3004"}]
INFO:root:[GS04] [4] 2026/03/30 20:22:13 Refreshed the list of other Game Servers
INFO:root:[Name Server] 2026/03/30 20:22:33 GET /game-servers - [{"id":4,"url":"http://localhost:3004"}]
INFO:root:[GS04] [4] 2026/03/30 20:22:33 Refreshed the list of other Game Servers
INFO:root:[Name Server] 2026/03/30 20:22:53 GET /game-servers - [{"id":4,"url":"http://localhost:3004"}]
INFO:root:[GS04] [4] 2026/03/30 20:22:53 Refreshed the list of other Game Servers
INFO:root:[Name Server] 2026/03/30 20:23:13 GET /game-servers - [{"id":4,"url":"http://localhost:3004"}]
INFO:root:[GS04] [4] 2026/03/30 20:23:13 Refreshed the list of other Game Servers
INFO:root:[Name Server] 2026/03/30 20:23:33 GET /game-servers - [{"id":4,"url":"http://localhost:3004"}]
INFO:root:[GS04] [4] 2026/03/30 20:23:33 Refreshed the list of other Game Servers
INFO:root:[Name Server] 2026/03/30 20:23:53 GET /game-servers - [{"id":4,"url":"http://localhost:3004"}]
INFO:root:[GS04] [4] 2026/03/30 20:23:53 Refreshed the list of other Game Servers
INFO:root:[Name Server] 2026/03/30 20:24:13 GET /game-servers - [{"id":4,"url":"http://localhost:3004"}]
INFO:root:[GS04] [4] 2026/03/30 20:24:13 Refreshed the list of other Game Servers
INFO:root:[Name Server] 2026/03/30 20:24:33 GET /game-servers - [{"id":4,"url":"http://localhost:3004"}]
INFO:root:[GS04] [4] 2026/03/30 20:24:33 Refreshed the list of other Game Servers
INFO:root:[Name Server] 2026/03/30 20:24:53 GET /game-servers - [{"id":4,"url":"http://localhost:3004"}]
INFO:root:[GS04] [4] 2026/03/30 20:24:53 Refreshed the list of other Game Servers
INFO:root:[Name Server] 2026/03/30 20:25:13 GET /game-servers - [{"id":4,"url":"http://localhost:3004"}]
INFO:root:[GS04] [4] 2026/03/30 20:25:13 Refreshed the list of other Game Servers
INFO:root:[Name Server] 2026/03/30 20:25:33 GET /game-servers - [{"id":4,"url":"http://localhost:3004"}]
INFO:root:[GS04] [4] 2026/03/30 20:25:33 Refreshed the list of other Game Servers
INFO:root:[Name Server] 2026/03/30 20:25:53 GET /game-servers - [{"id":4,"url":"http://localhost:3004"}]
INFO:root:[GS04] [4] 2026/03/30 20:25:53 Refreshed the list of other Game Servers
INFO:root:[Name Server] 2026/03/30 20:26:13 GET /game-servers - [{"id":4,"url":"http://localhost:3004"}]
INFO:root:[GS04] [4] 2026/03/30 20:26:13 Refreshed the list of other Game Servers
INFO:root:[Name Server] 2026/03/30 20:26:33 GET /game-servers - [{"id":4,"url":"http://localhost:3004"}]
INFO:root:[GS04] [4] 2026/03/30 20:26:33 Refreshed the list of other Game Servers
INFO:root:[Name Server] 2026/03/30 20:26:53 GET /game-servers - [{"id":4,"url":"http://localhost:3004"}]
INFO:root:[GS04] [4] 2026/03/30 20:26:53 Refreshed the list of other Game Servers
INFO:root:[Name Server] 2026/03/30 20:27:13 GET /game-servers - [{"id":4,"url":"http://localhost:3004"}]
INFO:root:[GS04] [4] 2026/03/30 20:27:13 Refreshed the list of other Game Servers
INFO:root:[Name Server] 2026/03/30 20:27:33 GET /game-servers - [{"id":4,"url":"http://localhost:3004"}]
INFO:root:[GS04] [4] 2026/03/30 20:27:33 Refreshed the list of other Game Servers
INFO:root:[Name Server] 2026/03/30 20:27:53 GET /game-servers - [{"id":4,"url":"http://localhost:3004"}]
INFO:root:[GS04] [4] 2026/03/30 20:27:53 Refreshed the list of other Game Servers
INFO:root:[Name Server] 2026/03/30 20:28:13 GET /game-servers - [{"id":4,"url":"http://localhost:3004"}]
INFO:root:[GS04] [4] 2026/03/30 20:28:13 Refreshed the list of other Game Servers
INFO:root:[Name Server] 2026/03/30 20:28:33 GET /game-servers - [{"id":4,"url":"http://localhost:3004"}]
INFO:root:[GS04] [4] 2026/03/30 20:28:33 Refreshed the list of other Game Servers
INFO:root:[Name Server] 2026/03/30 20:28:53 GET /game-servers - [{"id":4,"url":"http://localhost:3004"}]
INFO:root:[GS04] [4] 2026/03/30 20:28:53 Refreshed the list of other Game Servers
INFO:root:[Name Server] 2026/03/30 20:29:13 GET /game-servers - [{"id":4,"url":"http://localhost:3004"}]
INFO:root:[GS04] [4] 2026/03/30 20:29:13 Refreshed the list of other Game Servers
INFO:root:[Name Server] 2026/03/30 20:29:33 GET /game-servers - [{"id":4,"url":"http://localhost:3004"}]
INFO:root:[GS04] [4] 2026/03/30 20:29:33 Refreshed the list of other Game Servers
INFO:root:[Name Server] 2026/03/30 20:29:53 GET /game-servers - [{"id":4,"url":"http://localhost:3004"}]
INFO:root:[GS04] [4] 2026/03/30 20:29:53 Refreshed the list of other Game Servers
INFO:root:[Name Server] 2026/03/30 20:30:13 GET /game-servers - [{"id":4,"url":"http://localhost:3004"}]
INFO:root:[GS04] [4] 2026/03/30 20:30:13 Refreshed the list of other Game Servers
INFO:root:[Name Server] 2026/03/30 20:30:33 GET /game-servers - [{"id":4,"url":"http://localhost:3004"}]
INFO:root:[GS04] [4] 2026/03/30 20:30:33 Refreshed the list of other Game Servers
INFO:root:[Name Server] 2026/03/30 20:30:53 GET /game-servers - [{"id":4,"url":"http://localhost:3004"}]
INFO:root:[GS04] [4] 2026/03/30 20:30:53 Refreshed the list of other Game Servers
INFO:root:[Name Server] 2026/03/30 20:31:13 GET /game-servers - [{"id":4,"url":"http://localhost:3004"}]
INFO:root:[GS04] [4] 2026/03/30 20:31:13 Refreshed the list of other Game Servers
INFO:root:[Name Server] 2026/03/30 20:31:33 GET /game-servers - [{"id":4,"url":"http://localhost:3004"}]
INFO:root:[GS04] [4] 2026/03/30 20:31:33 Refreshed the list of other Game Servers
INFO:root:[Name Server] 2026/03/30 20:31:53 GET /game-servers - [{"id":4,"url":"http://localhost:3004"}]
INFO:root:[GS04] [4] 2026/03/30 20:31:53 Refreshed the list of other Game Servers
INFO:root:[Name Server] 2026/03/30 20:32:13 GET /game-servers - [{"id":4,"url":"http://localhost:3004"}]
INFO:root:[GS04] [4] 2026/03/30 20:32:13 Refreshed the list of other Game Servers
INFO:root:[Name Server] 2026/03/30 20:32:33 GET /game-servers - [{"id":4,"url":"http://localhost:3004"}]
INFO:root:[GS04] [4] 2026/03/30 20:32:33 Refreshed the list of other Game Servers
INFO:root:[Name Server] 2026/03/30 20:32:53 GET /game-servers - [{"id":4,"url":"http://localhost:3004"}]
INFO:root:[GS04] [4] 2026/03/30 20:32:53 Refreshed the list of other Game Servers
INFO:root:[Name Server] 2026/03/30 20:33:13 GET /game-servers - [{"id":4,"url":"http://localhost:3004"}]
INFO:root:[GS04] [4] 2026/03/30 20:33:13 Refreshed the list of other Game Servers
INFO:root:[Name Server] 2026/03/30 20:33:33 GET /game-servers - [{"id":4,"url":"http://localhost:3004"}]
INFO:root:[GS04] [4] 2026/03/30 20:33:33 Refreshed the list of other Game Servers
INFO:root:[Name Server] 2026/03/30 20:33:53 GET /game-servers - [{"id":4,"url":"http://localhost:3004"}]
INFO:root:[GS04] [4] 2026/03/30 20:33:53 Refreshed the list of other Game Servers
INFO:root:[Name Server] 2026/03/30 20:34:13 GET /game-servers - [{"id":4,"url":"http://localhost:3004"}]
INFO:root:[GS04] [4] 2026/03/30 20:34:13 Refreshed the list of other Game Servers
INFO:root:[Name Server] 2026/03/30 20:34:33 GET /game-servers - [{"id":4,"url":"http://localhost:3004"}]
INFO:root:[GS04] [4] 2026/03/30 20:34:33 Refreshed the list of other Game Servers
INFO:root:[Name Server] 2026/03/30 20:34:53 GET /game-servers - [{"id":4,"url":"http://localhost:3004"}]
INFO:root:[GS04] [4] 2026/03/30 20:34:53 Refreshed the list of other Game Servers
INFO:root:[Name Server] 2026/03/30 20:35:13 GET /game-servers - [{"id":4,"url":"http://localhost:3004"}]
INFO:root:[GS04] [4] 2026/03/30 20:35:13 Refreshed the list of other Game Servers
INFO:root:[Name Server] 2026/03/30 20:35:33 GET /game-servers - [{"id":4,"url":"http://localhost:3004"}]
INFO:root:[GS04] [4] 2026/03/30 20:35:33 Refreshed the list of other Game Servers
INFO:root:[Name Server] 2026/03/30 20:35:53 GET /game-servers - [{"id":4,"url":"http://localhost:3004"}]
INFO:root:[GS04] [4] 2026/03/30 20:35:53 Refreshed the list of other Game Servers
INFO:root:[Name Server] 2026/03/30 20:36:13 GET /game-servers - [{"id":4,"url":"http://localhost:3004"}]
INFO:root:[GS04] [4] 2026/03/30 20:36:13 Refreshed the list of other Game Servers
INFO:root:[Name Server] 2026/03/30 20:36:33 GET /game-servers - [{"id":4,"url":"http://localhost:3004"}]
INFO:root:[GS04] [4] 2026/03/30 20:36:33 Refreshed the list of other Game Servers
INFO:root:[Name Server] 2026/03/30 20:36:53 GET /game-servers - [{"id":4,"url":"http://localhost:3004"}]
INFO:root:[GS04] [4] 2026/03/30 20:36:53 Refreshed the list of other Game Servers
INFO:root:[Name Server] 2026/03/30 20:37:13 GET /game-servers - [{"id":4,"url":"http://localhost:3004"}]
INFO:root:[GS04] [4] 2026/03/30 20:37:13 Refreshed the list of other Game Servers
INFO:root:[Name Server] 2026/03/30 20:37:33 GET /game-servers - [{"id":4,"url":"http://localhost:3004"}]
INFO:root:[GS04] [4] 2026/03/30 20:37:33 Refreshed the list of other Game Servers
INFO:root:[Name Server] 2026/03/30 20:37:53 GET /game-servers - [{"id":4,"url":"http://localhost:3004"}]
INFO:root:[GS04] [4] 2026/03/30 20:37:53 Refreshed the list of other Game Servers
INFO:root:[Name Server] 2026/03/30 20:38:13 GET /game-servers - [{"id":4,"url":"http://localhost:3004"}]
INFO:root:[GS04] [4] 2026/03/30 20:38:13 Refreshed the list of other Game Servers
INFO:root:[Name Server] 2026/03/30 20:38:33 GET /game-servers - [{"id":4,"url":"http://localhost:3004"}]
INFO:root:[GS04] [4] 2026/03/30 20:38:33 Refreshed the list of other Game Servers
INFO:root:[Name Server] 2026/03/30 20:38:53 GET /game-servers - [{"id":4,"url":"http://localhost:3004"}]
INFO:root:[GS04] [4] 2026/03/30 20:38:53 Refreshed the list of other Game Servers
INFO:root:[Name Server] 2026/03/30 20:39:13 GET /game-servers - [{"id":4,"url":"http://localhost:3004"}]
INFO:root:[GS04] [4] 2026/03/30 20:39:13 Refreshed the list of other Game Servers
INFO:root:[Name Server] 2026/03/30 20:39:33 GET /game-servers - [{"id":4,"url":"http://localhost:3004"}]
INFO:root:[GS04] [4] 2026/03/30 20:39:33 Refreshed the list of other Game Servers
INFO:root:[Name Server] 2026/03/30 20:39:53 GET /game-servers - [{"id":4,"url":"http://localhost:3004"}]
INFO:root:[GS04] [4] 2026/03/30 20:39:53 Refreshed the list of other Game Servers
INFO:root:[Name Server] 2026/03/30 20:40:13 GET /game-servers - [{"id":4,"url":"http://localhost:3004"}]
INFO:root:[GS04] [4] 2026/03/30 20:40:13 Refreshed the list of other Game Servers
INFO:root:[Name Server] 2026/03/30 20:40:33 GET /game-servers - [{"id":4,"url":"http://localhost:3004"}]
INFO:root:[GS04] [4] 2026/03/30 20:40:33 Refreshed the list of other Game Servers
INFO:root:[Name Server] 2026/03/30 20:40:53 GET /game-servers - [{"id":4,"url":"http://localhost:3004"}]
INFO:root:[GS04] [4] 2026/03/30 20:40:53 Refreshed the list of other Game Servers
INFO:root:[Name Server] 2026/03/30 20:41:13 GET /game-servers - [{"id":4,"url":"http://localhost:3004"}]
INFO:root:[GS04] [4] 2026/03/30 20:41:13 Refreshed the list of other Game Servers
INFO:root:[Name Server] 2026/03/30 20:41:33 GET /game-servers - [{"id":4,"url":"http://localhost:3004"}]
INFO:root:[GS04] [4] 2026/03/30 20:41:33 Refreshed the list of other Game Servers
INFO:root:[Name Server] 2026/03/30 20:41:53 GET /game-servers - [{"id":4,"url":"http://localhost:3004"}]
INFO:root:[GS04] [4] 2026/03/30 20:41:53 Refreshed the list of other Game Servers
INFO:root:[Name Server] 2026/03/30 20:42:13 GET /game-servers - [{"id":4,"url":"http://localhost:3004"}]
INFO:root:[GS04] [4] 2026/03/30 20:42:13 Refreshed the list of other Game Servers
INFO:root:[Name Server] 2026/03/30 20:42:33 GET /game-servers - [{"id":4,"url":"http://localhost:3004"}]
INFO:root:[GS04] [4] 2026/03/30 20:42:33 Refreshed the list of other Game Servers
INFO:root:[Name Server] 2026/03/30 20:42:53 GET /game-servers - [{"id":4,"url":"http://localhost:3004"}]
INFO:root:[GS04] [4] 2026/03/30 20:42:53 Refreshed the list of other Game Servers
INFO:root:[Name Server] 2026/03/30 20:43:13 GET /game-servers - [{"id":4,"url":"http://localhost:3004"}]
INFO:root:[GS04] [4] 2026/03/30 20:43:13 Refreshed the list of other Game Servers
INFO:root:[Name Server] 2026/03/30 20:43:33 GET /game-servers - [{"id":4,"url":"http://localhost:3004"}]
INFO:root:[GS04] [4] 2026/03/30 20:43:33 Refreshed the list of other Game Servers
INFO:root:[Name Server] 2026/03/30 20:43:53 GET /game-servers - [{"id":4,"url":"http://localhost:3004"}]
INFO:root:[GS04] [4] 2026/03/30 20:43:53 Refreshed the list of other Game Servers
INFO:root:[Name Server] 2026/03/30 20:44:13 GET /game-servers - [{"id":4,"url":"http://localhost:3004"}]
INFO:root:[GS04] [4] 2026/03/30 20:44:13 Refreshed the list of other Game Servers
INFO:root:[Name Server] 2026/03/30 20:44:33 GET /game-servers - [{"id":4,"url":"http://localhost:3004"}]
INFO:root:[GS04] [4] 2026/03/30 20:44:33 Refreshed the list of other Game Servers
INFO:root:[Name Server] 2026/03/30 20:44:53 GET /game-servers - [{"id":4,"url":"http://localhost:3004"}]
INFO:root:[GS04] [4] 2026/03/30 20:44:53 Refreshed the list of other Game Servers
INFO:root:[Name Server] 2026/03/30 20:45:13 GET /game-servers - [{"id":4,"url":"http://localhost:3004"}]
INFO:root:[GS04] [4] 2026/03/30 20:45:13 Refreshed the list of other Game Servers
INFO:root:[Name Server] 2026/03/30 20:45:33 GET /game-servers - [{"id":4,"url":"http://localhost:3004"}]
INFO:root:[GS04] [4] 2026/03/30 20:45:33 Refreshed the list of other Game Servers
INFO:root:[Name Server] 2026/03/30 20:45:53 GET /game-servers - [{"id":4,"url":"http://localhost:3004"}]
INFO:root:[GS04] [4] 2026/03/30 20:45:53 Refreshed the list of other Game Servers
INFO:root:[Name Server] 2026/03/30 20:46:13 GET /game-servers - [{"id":4,"url":"http://localhost:3004"}]
INFO:root:[GS04] [4] 2026/03/30 20:46:13 Refreshed the list of other Game Servers
INFO:root:[Name Server] 2026/03/30 20:46:33 GET /game-servers - [{"id":4,"url":"http://localhost:3004"}]
INFO:root:[GS04] [4] 2026/03/30 20:46:33 Refreshed the list of other Game Servers
INFO:root:[Name Server] 2026/03/30 20:46:53 GET /game-servers - [{"id":4,"url":"http://localhost:3004"}]
INFO:root:[GS04] [4] 2026/03/30 20:46:53 Refreshed the list of other Game Servers
INFO:root:[Name Server] 2026/03/30 20:47:13 GET /game-servers - [{"id":4,"url":"http://localhost:3004"}]
INFO:root:[GS04] [4] 2026/03/30 20:47:13 Refreshed the list of other Game Servers
INFO:root:[Name Server] 2026/03/30 20:47:33 GET /game-servers - [{"id":4,"url":"http://localhost:3004"}]
INFO:root:[GS04] [4] 2026/03/30 20:47:33 Refreshed the list of other Game Servers
INFO:root:[Name Server] 2026/03/30 20:47:53 GET /game-servers - [{"id":4,"url":"http://localhost:3004"}]
INFO:root:[GS04] [4] 2026/03/30 20:47:53 Refreshed the list of other Game Servers
INFO:root:[Name Server] 2026/03/30 20:48:13 GET /game-servers - [{"id":4,"url":"http://localhost:3004"}]
INFO:root:[GS04] [4] 2026/03/30 20:48:13 Refreshed the list of other Game Servers
INFO:root:[Name Server] 2026/03/30 20:48:33 GET /game-servers - [{"id":4,"url":"http://localhost:3004"}]
INFO:root:[GS04] [4] 2026/03/30 20:48:33 Refreshed the list of other Game Servers
INFO:root:[Name Server] 2026/03/30 20:48:53 GET /game-servers - [{"id":4,"url":"http://localhost:3004"}]
INFO:root:[GS04] [4] 2026/03/30 20:48:53 Refreshed the list of other Game Servers
INFO:root:[Name Server] 2026/03/30 20:49:13 GET /game-servers - [{"id":4,"url":"http://localhost:3004"}]
INFO:root:[GS04] [4] 2026/03/30 20:49:13 Refreshed the list of other Game Servers
INFO:root:[Name Server] 2026/03/30 20:49:33 GET /game-servers - [{"id":4,"url":"http://localhost:3004"}]
INFO:root:[GS04] [4] 2026/03/30 20:49:33 Refreshed the list of other Game Servers
INFO:root:[Name Server] 2026/03/30 20:49:53 GET /game-servers - [{"id":4,"url":"http://localhost:3004"}]
INFO:root:[GS04] [4] 2026/03/30 20:49:53 Refreshed the list of other Game Servers
INFO:root:[Name Server] 2026/03/30 20:50:13 GET /game-servers - [{"id":4,"url":"http://localhost:3004"}]
INFO:root:[GS04] [4] 2026/03/30 20:50:13 Refreshed the list of other Game Servers
INFO:root:[Name Server] 2026/03/30 20:50:33 GET /game-servers - [{"id":4,"url":"http://localhost:3004"}]
INFO:root:[GS04] [4] 2026/03/30 20:50:33 Refreshed the list of other Game Servers
INFO:root:[Name Server] 2026/03/30 20:50:53 GET /game-servers - [{"id":4,"url":"http://localhost:3004"}]
INFO:root:[GS04] [4] 2026/03/30 20:50:53 Refreshed the list of other Game Servers
INFO:root:[Name Server] 2026/03/30 20:51:13 GET /game-servers - [{"id":4,"url":"http://localhost:3004"}]
INFO:root:[GS04] [4] 2026/03/30 20:51:13 Refreshed the list of other Game Servers
INFO:root:[Name Server] 2026/03/30 20:51:33 GET /game-servers - [{"id":4,"url":"http://localhost:3004"}]
INFO:root:[GS04] [4] 2026/03/30 20:51:33 Refreshed the list of other Game Servers
INFO:root:[Name Server] 2026/03/30 20:51:53 GET /game-servers - [{"id":4,"url":"http://localhost:3004"}]
INFO:root:[GS04] [4] 2026/03/30 20:51:53 Refreshed the list of other Game Servers
INFO:root:[Name Server] 2026/03/30 20:52:13 GET /game-servers - [{"id":4,"url":"http://localhost:3004"}]
INFO:root:[GS04] [4] 2026/03/30 20:52:13 Refreshed the list of other Game Servers
INFO:root:[Name Server] 2026/03/30 20:52:33 GET /game-servers - [{"id":4,"url":"http://localhost:3004"}]
INFO:root:[GS04] [4] 2026/03/30 20:52:33 Refreshed the list of other Game Servers
INFO:root:[Name Server] 2026/03/30 20:52:53 GET /game-servers - [{"id":4,"url":"http://localhost:3004"}]
INFO:root:[GS04] [4] 2026/03/30 20:52:53 Refreshed the list of other Game Servers
INFO:root:[Name Server] 2026/03/30 20:53:13 GET /game-servers - [{"id":4,"url":"http://localhost:3004"}]
INFO:root:[GS04] [4] 2026/03/30 20:53:13 Refreshed the list of other Game Servers
INFO:root:[Name Server] 2026/03/30 20:53:33 GET /game-servers - [{"id":4,"url":"http://localhost:3004"}]
INFO:root:[GS04] [4] 2026/03/30 20:53:33 Refreshed the list of other Game Servers
INFO:root:[Name Server] 2026/03/30 20:53:53 GET /game-servers - [{"id":4,"url":"http://localhost:3004"}]
INFO:root:[GS04] [4] 2026/03/30 20:53:53 Refreshed the list of other Game Servers
INFO:root:[Name Server] 2026/03/30 20:54:13 GET /game-servers - [{"id":4,"url":"http://localhost:3004"}]
INFO:root:[GS04] [4] 2026/03/30 20:54:13 Refreshed the list of other Game Servers
INFO:root:[Name Server] 2026/03/30 20:54:33 GET /game-servers - [{"id":4,"url":"http://localhost:3004"}]
INFO:root:[GS04] [4] 2026/03/30 20:54:33 Refreshed the list of other Game Servers
INFO:root:[Name Server] 2026/03/30 20:54:53 GET /game-servers - [{"id":4,"url":"http://localhost:3004"}]
INFO:root:[GS04] [4] 2026/03/30 20:54:53 Refreshed the list of other Game Servers
INFO:root:[Name Server] 2026/03/30 20:55:13 GET /game-servers - [{"id":4,"url":"http://localhost:3004"}]
INFO:root:[GS04] [4] 2026/03/30 20:55:13 Refreshed the list of other Game Servers
INFO:root:[Name Server] 2026/03/30 20:55:33 GET /game-servers - [{"id":4,"url":"http://localhost:3004"}]
INFO:root:[GS04] [4] 2026/03/30 20:55:33 Refreshed the list of other Game Servers
INFO:root:[Name Server] 2026/03/30 20:55:53 GET /game-servers - [{"id":4,"url":"http://localhost:3004"}]
INFO:root:[GS04] [4] 2026/03/30 20:55:53 Refreshed the list of other Game Servers
INFO:root:[Name Server] 2026/03/30 20:56:13 GET /game-servers - [{"id":4,"url":"http://localhost:3004"}]
INFO:root:[GS04] [4] 2026/03/30 20:56:13 Refreshed the list of other Game Servers
INFO:root:[Name Server] 2026/03/30 20:56:33 GET /game-servers - [{"id":4,"url":"http://localhost:3004"}]
INFO:root:[GS04] [4] 2026/03/30 20:56:33 Refreshed the list of other Game Servers
INFO:root:[Name Server] 2026/03/30 20:56:53 GET /game-servers - [{"id":4,"url":"http://localhost:3004"}]
INFO:root:[GS04] [4] 2026/03/30 20:56:53 Refreshed the list of other Game Servers
INFO:root:[Name Server] 2026/03/30 20:57:13 GET /game-servers - [{"id":4,"url":"http://localhost:3004"}]
INFO:root:[GS04] [4] 2026/03/30 20:57:13 Refreshed the list of other Game Servers
INFO:root:[Name Server] 2026/03/30 20:57:33 GET /game-servers - [{"id":4,"url":"http://localhost:3004"}]
INFO:root:[GS04] [4] 2026/03/30 20:57:33 Refreshed the list of other Game Servers
INFO:root:[Name Server] 2026/03/30 20:57:53 GET /game-servers - [{"id":4,"url":"http://localhost:3004"}]
INFO:root:[GS04] [4] 2026/03/30 20:57:53 Refreshed the list of other Game Servers
INFO:root:[Name Server] 2026/03/30 20:58:13 GET /game-servers - [{"id":4,"url":"http://localhost:3004"}]
INFO:root:[GS04] [4] 2026/03/30 20:58:13 Refreshed the list of other Game Servers
INFO:root:[Name Server] 2026/03/30 20:58:33 GET /game-servers - [{"id":4,"url":"http://localhost:3004"}]
INFO:root:[GS04] [4] 2026/03/30 20:58:33 Refreshed the list of other Game Servers
INFO:root:[Name Server] 2026/03/30 20:58:53 GET /game-servers - [{"id":4,"url":"http://localhost:3004"}]
INFO:root:[GS04] [4] 2026/03/30 20:58:53 Refreshed the list of other Game Servers
INFO:root:[Name Server] 2026/03/30 20:59:13 GET /game-servers - [{"id":4,"url":"http://localhost:3004"}]
INFO:root:[GS04] [4] 2026/03/30 20:59:13 Refreshed the list of other Game Servers
INFO:root:[Name Server] 2026/03/30 20:59:33 GET /game-servers - [{"id":4,"url":"http://localhost:3004"}]
INFO:root:[GS04] [4] 2026/03/30 20:59:33 Refreshed the list of other Game Servers
INFO:root:[Name Server] 2026/03/30 20:59:53 GET /game-servers - [{"id":4,"url":"http://localhost:3004"}]
INFO:root:[GS04] [4] 2026/03/30 20:59:53 Refreshed the list of other Game Servers
INFO:root:[Name Server] 2026/03/30 21:00:13 GET /game-servers - [{"id":4,"url":"http://localhost:3004"}]
INFO:root:[GS04] [4] 2026/03/30 21:00:13 Refreshed the list of other Game Servers
INFO:root:[Name Server] 2026/03/30 21:00:33 GET /game-servers - [{"id":4,"url":"http://localhost:3004"}]
INFO:root:[GS04] [4] 2026/03/30 21:00:33 Refreshed the list of other Game Servers
INFO:root:[Name Server] 2026/03/30 21:00:53 GET /game-servers - [{"id":4,"url":"http://localhost:3004"}]
INFO:root:[GS04] [4] 2026/03/30 21:00:53 Refreshed the list of other Game Servers
INFO:root:[Name Server] 2026/03/30 21:01:13 GET /game-servers - [{"id":4,"url":"http://localhost:3004"}]
INFO:root:[GS04] [4] 2026/03/30 21:01:13 Refreshed the list of other Game Servers
INFO:root:[Name Server] 2026/03/30 21:01:33 GET /game-servers - [{"id":4,"url":"http://localhost:3004"}]
INFO:root:[GS04] [4] 2026/03/30 21:01:33 Refreshed the list of other Game Servers
INFO:root:[Name Server] 2026/03/30 21:01:53 GET /game-servers - [{"id":4,"url":"http://localhost:3004"}]
INFO:root:[GS04] [4] 2026/03/30 21:01:53 Refreshed the list of other Game Servers
INFO:root:[Name Server] 2026/03/30 21:02:13 GET /game-servers - [{"id":4,"url":"http://localhost:3004"}]
INFO:root:[GS04] [4] 2026/03/30 21:02:13 Refreshed the list of other Game Servers
INFO:root:[Name Server] 2026/03/30 21:02:33 GET /game-servers - [{"id":4,"url":"http://localhost:3004"}]
INFO:root:[GS04] [4] 2026/03/30 21:02:33 Refreshed the list of other Game Servers
INFO:root:[Name Server] 2026/03/30 21:02:53 GET /game-servers - [{"id":4,"url":"http://localhost:3004"}]
INFO:root:[GS04] [4] 2026/03/30 21:02:53 Refreshed the list of other Game Servers
INFO:root:[Name Server] 2026/03/30 21:03:13 GET /game-servers - [{"id":4,"url":"http://localhost:3004"}]
INFO:root:[GS04] [4] 2026/03/30 21:03:13 Refreshed the list of other Game Servers
INFO:root:[Name Server] 2026/03/30 21:03:33 GET /game-servers - [{"id":4,"url":"http://localhost:3004"}]
INFO:root:[GS04] [4] 2026/03/30 21:03:33 Refreshed the list of other Game Servers
INFO:root:[Name Server] 2026/03/30 21:03:53 GET /game-servers - [{"id":4,"url":"http://localhost:3004"}]
INFO:root:[GS04] [4] 2026/03/30 21:03:53 Refreshed the list of other Game Servers
INFO:root:[Name Server] 2026/03/30 21:04:13 GET /game-servers - [{"id":4,"url":"http://localhost:3004"}]
INFO:root:[GS04] [4] 2026/03/30 21:04:13 Refreshed the list of other Game Servers
INFO:root:[Name Server] 2026/03/30 21:04:33 GET /game-servers - [{"id":4,"url":"http://localhost:3004"}]
INFO:root:[GS04] [4] 2026/03/30 21:04:33 Refreshed the list of other Game Servers
INFO:root:[Name Server] 2026/03/30 21:04:53 GET /game-servers - [{"id":4,"url":"http://localhost:3004"}]
INFO:root:[GS04] [4] 2026/03/30 21:04:53 Refreshed the list of other Game Servers
INFO:root:[Name Server] 2026/03/30 21:05:13 GET /game-servers - [{"id":4,"url":"http://localhost:3004"}]
INFO:root:[GS04] [4] 2026/03/30 21:05:13 Refreshed the list of other Game Servers
INFO:root:[Name Server] 2026/03/30 21:05:33 GET /game-servers - [{"id":4,"url":"http://localhost:3004"}]
INFO:root:[GS04] [4] 2026/03/30 21:05:33 Refreshed the list of other Game Servers
INFO:root:[Name Server] 2026/03/30 21:05:53 GET /game-servers - [{"id":4,"url":"http://localhost:3004"}]
INFO:root:[GS04] [4] 2026/03/30 21:05:53 Refreshed the list of other Game Servers
INFO:root:[Name Server] 2026/03/30 21:06:13 GET /game-servers - [{"id":4,"url":"http://localhost:3004"}]
INFO:root:[GS04] [4] 2026/03/30 21:06:13 Refreshed the list of other Game Servers
INFO:root:[Name Server] 2026/03/30 21:06:33 GET /game-servers - [{"id":4,"url":"http://localhost:3004"}]
INFO:root:[GS04] [4] 2026/03/30 21:06:33 Refreshed the list of other Game Servers
INFO:root:[Name Server] 2026/03/30 21:06:53 GET /game-servers - [{"id":4,"url":"http://localhost:3004"}]
INFO:root:[GS04] [4] 2026/03/30 21:06:53 Refreshed the list of other Game Servers
INFO:root:[Name Server] 2026/03/30 21:07:13 GET /game-servers - [{"id":4,"url":"http://localhost:3004"}]
INFO:root:[GS04] [4] 2026/03/30 21:07:13 Refreshed the list of other Game Servers
INFO:root:[Name Server] 2026/03/30 21:07:33 GET /game-servers - [{"id":4,"url":"http://localhost:3004"}]
INFO:root:[GS04] [4] 2026/03/30 21:07:33 Refreshed the list of other Game Servers
INFO:root:[Name Server] 2026/03/30 21:07:53 GET /game-servers - [{"id":4,"url":"http://localhost:3004"}]
INFO:root:[GS04] [4] 2026/03/30 21:07:53 Refreshed the list of other Game Servers
INFO:root:[Name Server] 2026/03/30 21:08:13 GET /game-servers - [{"id":4,"url":"http://localhost:3004"}]
INFO:root:[GS04] [4] 2026/03/30 21:08:13 Refreshed the list of other Game Servers
INFO:root:[Name Server] 2026/03/30 21:08:33 GET /game-servers - [{"id":4,"url":"http://localhost:3004"}]
INFO:root:[GS04] [4] 2026/03/30 21:08:33 Refreshed the list of other Game Servers
INFO:root:[Name Server] 2026/03/30 21:08:53 GET /game-servers - [{"id":4,"url":"http://localhost:3004"}]
INFO:root:[GS04] [4] 2026/03/30 21:08:53 Refreshed the list of other Game Servers
INFO:root:[Name Server] 2026/03/30 21:09:13 GET /game-servers - [{"id":4,"url":"http://localhost:3004"}]
INFO:root:[GS04] [4] 2026/03/30 21:09:13 Refreshed the list of other Game Servers
INFO:root:[Name Server] 2026/03/30 21:09:33 GET /game-servers - [{"id":4,"url":"http://localhost:3004"}]
INFO:root:[GS04] [4] 2026/03/30 21:09:33 Refreshed the list of other Game Servers
INFO:root:[Name Server] 2026/03/30 21:09:53 GET /game-servers - [{"id":4,"url":"http://localhost:3004"}]
INFO:root:[GS04] [4] 2026/03/30 21:09:53 Refreshed the list of other Game Servers
INFO:root:[Name Server] 2026/03/30 21:10:13 GET /game-servers - [{"id":4,"url":"http://localhost:3004"}]
INFO:root:[GS04] [4] 2026/03/30 21:10:13 Refreshed the list of other Game Servers
INFO:root:[Name Server] 2026/03/30 21:10:33 GET /game-servers - [{"id":4,"url":"http://localhost:3004"}]
INFO:root:[GS04] [4] 2026/03/30 21:10:33 Refreshed the list of other Game Servers
INFO:root:[Name Server] 2026/03/30 21:10:53 GET /game-servers - [{"id":4,"url":"http://localhost:3004"}]
INFO:root:[GS04] [4] 2026/03/30 21:10:53 Refreshed the list of other Game Servers
INFO:root:[Name Server] 2026/03/30 21:11:13 GET /game-servers - [{"id":4,"url":"http://localhost:3004"}]
INFO:root:[GS04] [4] 2026/03/30 21:11:13 Refreshed the list of other Game Servers
INFO:root:[Name Server] 2026/03/30 21:11:33 GET /game-servers - [{"id":4,"url":"http://localhost:3004"}]
INFO:root:[GS04] [4] 2026/03/30 21:11:33 Refreshed the list of other Game Servers
INFO:root:[Name Server] 2026/03/30 21:11:53 GET /game-servers - [{"id":4,"url":"http://localhost:3004"}]
INFO:root:[GS04] [4] 2026/03/30 21:11:53 Refreshed the list of other Game Servers
INFO:root:[Name Server] 2026/03/30 21:12:13 GET /game-servers - [{"id":4,"url":"http://localhost:3004"}]
INFO:root:[GS04] [4] 2026/03/30 21:12:13 Refreshed the list of other Game Servers
INFO:root:[Name Server] 2026/03/30 21:12:33 GET /game-servers - [{"id":4,"url":"http://localhost:3004"}]
INFO:root:[GS04] [4] 2026/03/30 21:12:33 Refreshed the list of other Game Servers
INFO:root:[Name Server] 2026/03/30 21:12:53 GET /game-servers - [{"id":4,"url":"http://localhost:3004"}]
INFO:root:[GS04] [4] 2026/03/30 21:12:53 Refreshed the list of other Game Servers
INFO:root:[Name Server] 2026/03/30 21:13:13 GET /game-servers - [{"id":4,"url":"http://localhost:3004"}]
INFO:root:[GS04] [4] 2026/03/30 21:13:13 Refreshed the list of other Game Servers
INFO:root:[Name Server] 2026/03/30 21:13:33 GET /game-servers - [{"id":4,"url":"http://localhost:3004"}]
INFO:root:[GS04] [4] 2026/03/30 21:13:33 Refreshed the list of other Game Servers
INFO:root:[Name Server] 2026/03/30 21:13:53 GET /game-servers - [{"id":4,"url":"http://localhost:3004"}]
INFO:root:[GS04] [4] 2026/03/30 21:13:53 Refreshed the list of other Game Servers
INFO:root:[Name Server] 2026/03/30 21:14:13 GET /game-servers - [{"id":4,"url":"http://localhost:3004"}]
INFO:root:[GS04] [4] 2026/03/30 21:14:13 Refreshed the list of other Game Servers
INFO:root:[Name Server] 2026/03/30 21:14:33 GET /game-servers - [{"id":4,"url":"http://localhost:3004"}]
INFO:root:[GS04] [4] 2026/03/30 21:14:33 Refreshed the list of other Game Servers
INFO:root:[Name Server] 2026/03/30 21:14:53 GET /game-servers - [{"id":4,"url":"http://localhost:3004"}]
INFO:root:[GS04] [4] 2026/03/30 21:14:53 Refreshed the list of other Game Servers
INFO:root:[Name Server] 2026/03/30 21:15:13 GET /game-servers - [{"id":4,"url":"http://localhost:3004"}]
INFO:root:[GS04] [4] 2026/03/30 21:15:13 Refreshed the list of other Game Servers
INFO:root:[Name Server] 2026/03/30 21:15:33 GET /game-servers - [{"id":4,"url":"http://localhost:3004"}]
INFO:root:[GS04] [4] 2026/03/30 21:15:33 Refreshed the list of other Game Servers
INFO:root:[Name Server] 2026/03/30 21:15:53 GET /game-servers - [{"id":4,"url":"http://localhost:3004"}]
INFO:root:[GS04] [4] 2026/03/30 21:15:53 Refreshed the list of other Game Servers
INFO:root:[Name Server] 2026/03/30 21:16:13 GET /game-servers - [{"id":4,"url":"http://localhost:3004"}]
INFO:root:[GS04] [4] 2026/03/30 21:16:13 Refreshed the list of other Game Servers
INFO:root:[Name Server] 2026/03/30 21:16:33 GET /game-servers - [{"id":4,"url":"http://localhost:3004"}]
INFO:root:[GS04] [4] 2026/03/30 21:16:33 Refreshed the list of other Game Servers
INFO:root:[Name Server] 2026/03/30 21:16:53 GET /game-servers - [{"id":4,"url":"http://localhost:3004"}]
INFO:root:[GS04] [4] 2026/03/30 21:16:53 Refreshed the list of other Game Servers
INFO:root:[Name Server] 2026/03/30 21:17:13 GET /game-servers - [{"id":4,"url":"http://localhost:3004"}]
INFO:root:[GS04] [4] 2026/03/30 21:17:13 Refreshed the list of other Game Servers
INFO:root:[Name Server] 2026/03/30 21:17:33 GET /game-servers - [{"id":4,"url":"http://localhost:3004"}]
INFO:root:[GS04] [4] 2026/03/30 21:17:33 Refreshed the list of other Game Servers
INFO:root:[Name Server] 2026/03/30 21:17:53 GET /game-servers - [{"id":4,"url":"http://localhost:3004"}]
INFO:root:[GS04] [4] 2026/03/30 21:17:53 Refreshed the list of other Game Servers
INFO:root:[Name Server] 2026/03/30 21:18:13 GET /game-servers - [{"id":4,"url":"http://localhost:3004"}]
INFO:root:[GS04] [4] 2026/03/30 21:18:13 Refreshed the list of other Game Servers
INFO:root:[Name Server] 2026/03/30 21:18:33 GET /game-servers - [{"id":4,"url":"http://localhost:3004"}]
INFO:root:[GS04] [4] 2026/03/30 21:18:33 Refreshed the list of other Game Servers
INFO:root:[Name Server] 2026/03/30 21:18:53 GET /game-servers - [{"id":4,"url":"http://localhost:3004"}]
INFO:root:[GS04] [4] 2026/03/30 21:18:53 Refreshed the list of other Game Servers
INFO:root:[Name Server] 2026/03/30 21:19:13 GET /game-servers - [{"id":4,"url":"http://localhost:3004"}]
INFO:root:[GS04] [4] 2026/03/30 21:19:13 Refreshed the list of other Game Servers
INFO:root:[Name Server] 2026/03/30 21:19:33 GET /game-servers - [{"id":4,"url":"http://localhost:3004"}]
INFO:root:[GS04] [4] 2026/03/30 21:19:33 Refreshed the list of other Game Servers
INFO:root:[Name Server] 2026/03/30 21:19:53 GET /game-servers - [{"id":4,"url":"http://localhost:3004"}]
INFO:root:[GS04] [4] 2026/03/30 21:19:53 Refreshed the list of other Game Servers
INFO:root:[Name Server] 2026/03/30 21:20:13 GET /game-servers - [{"id":4,"url":"http://localhost:3004"}]
INFO:root:[GS04] [4] 2026/03/30 21:20:13 Refreshed the list of other Game Servers
INFO:root:[Name Server] 2026/03/30 21:20:33 GET /game-servers - [{"id":4,"url":"http://localhost:3004"}]
INFO:root:[GS04] [4] 2026/03/30 21:20:33 Refreshed the list of other Game Servers
INFO:root:[Name Server] 2026/03/30 21:20:53 GET /game-servers - [{"id":4,"url":"http://localhost:3004"}]
INFO:root:[GS04] [4] 2026/03/30 21:20:53 Refreshed the list of other Game Servers
INFO:root:[Name Server] 2026/03/30 21:21:13 GET /game-servers - [{"id":4,"url":"http://localhost:3004"}]
INFO:root:[GS04] [4] 2026/03/30 21:21:13 Refreshed the list of other Game Servers
INFO:root:[Name Server] 2026/03/30 21:21:33 GET /game-servers - [{"id":4,"url":"http://localhost:3004"}]
INFO:root:[GS04] [4] 2026/03/30 21:21:33 Refreshed the list of other Game Servers
INFO:root:[Name Server] 2026/03/30 21:21:53 GET /game-servers - [{"id":4,"url":"http://localhost:3004"}]
INFO:root:[GS04] [4] 2026/03/30 21:21:53 Refreshed the list of other Game Servers
INFO:root:[Name Server] 2026/03/30 21:22:13 GET /game-servers - [{"id":4,"url":"http://localhost:3004"}]
INFO:root:[GS04] [4] 2026/03/30 21:22:13 Refreshed the list of other Game Servers
INFO:root:[Name Server] 2026/03/30 21:22:33 GET /game-servers - [{"id":4,"url":"http://localhost:3004"}]
INFO:root:[GS04] [4] 2026/03/30 21:22:33 Refreshed the list of other Game Servers
INFO:root:[Name Server] 2026/03/30 21:22:53 GET /game-servers - [{"id":4,"url":"http://localhost:3004"}]
INFO:root:[GS04] [4] 2026/03/30 21:22:53 Refreshed the list of other Game Servers
INFO:root:[Name Server] 2026/03/30 21:23:13 GET /game-servers - [{"id":4,"url":"http://localhost:3004"}]
INFO:root:[GS04] [4] 2026/03/30 21:23:13 Refreshed the list of other Game Servers
INFO:root:[Name Server] 2026/03/30 21:23:33 GET /game-servers - [{"id":4,"url":"http://localhost:3004"}]
INFO:root:[GS04] [4] 2026/03/30 21:23:33 Refreshed the list of other Game Servers
INFO:root:[Name Server] 2026/03/30 21:23:53 GET /game-servers - [{"id":4,"url":"http://localhost:3004"}]
INFO:root:[GS04] [4] 2026/03/30 21:23:53 Refreshed the list of other Game Servers
INFO:root:[Name Server] 2026/03/30 21:24:13 GET /game-servers - [{"id":4,"url":"http://localhost:3004"}]
INFO:root:[GS04] [4] 2026/03/30 21:24:13 Refreshed the list of other Game Servers
INFO:root:[Name Server] 2026/03/30 21:24:33 GET /game-servers - [{"id":4,"url":"http://localhost:3004"}]
INFO:root:[GS04] [4] 2026/03/30 21:24:33 Refreshed the list of other Game Servers
INFO:root:[Name Server] 2026/03/30 21:24:53 GET /game-servers - [{"id":4,"url":"http://localhost:3004"}]
INFO:root:[GS04] [4] 2026/03/30 21:24:53 Refreshed the list of other Game Servers
INFO:root:[Name Server] 2026/03/30 21:25:13 GET /game-servers - [{"id":4,"url":"http://localhost:3004"}]
INFO:root:[GS04] [4] 2026/03/30 21:25:13 Refreshed the list of other Game Servers
INFO:root:[Name Server] 2026/03/30 21:25:33 GET /game-servers - [{"id":4,"url":"http://localhost:3004"}]
INFO:root:[GS04] [4] 2026/03/30 21:25:33 Refreshed the list of other Game Servers
INFO:root:[Name Server] 2026/03/30 21:25:53 GET /game-servers - [{"id":4,"url":"http://localhost:3004"}]
INFO:root:[GS04] [4] 2026/03/30 21:25:53 Refreshed the list of other Game Servers
INFO:root:[Name Server] 2026/03/30 21:26:13 GET /game-servers - [{"id":4,"url":"http://localhost:3004"}]
INFO:root:[GS04] [4] 2026/03/30 21:26:13 Refreshed the list of other Game Servers
INFO:root:[Name Server] 2026/03/30 21:26:33 GET /game-servers - [{"id":4,"url":"http://localhost:3004"}]
INFO:root:[GS04] [4] 2026/03/30 21:26:33 Refreshed the list of other Game Servers
INFO:root:[Name Server] 2026/03/30 21:26:53 GET /game-servers - [{"id":4,"url":"http://localhost:3004"}]
INFO:root:[GS04] [4] 2026/03/30 21:26:53 Refreshed the list of other Game Servers
INFO:root:[Name Server] 2026/03/30 21:27:13 GET /game-servers - [{"id":4,"url":"http://localhost:3004"}]
INFO:root:[GS04] [4] 2026/03/30 21:27:13 Refreshed the list of other Game Servers
INFO:root:[Name Server] 2026/03/30 21:27:33 GET /game-servers - [{"id":4,"url":"http://localhost:3004"}]
INFO:root:[GS04] [4] 2026/03/30 21:27:33 Refreshed the list of other Game Servers
INFO:root:[Name Server] 2026/03/30 21:27:53 GET /game-servers - [{"id":4,"url":"http://localhost:3004"}]
INFO:root:[GS04] [4] 2026/03/30 21:27:53 Refreshed the list of other Game Servers
INFO:root:[Name Server] 2026/03/30 21:28:13 GET /game-servers - [{"id":4,"url":"http://localhost:3004"}]
INFO:root:[GS04] [4] 2026/03/30 21:28:13 Refreshed the list of other Game Servers
INFO:root:[Name Server] 2026/03/30 21:28:33 GET /game-servers - [{"id":4,"url":"http://localhost:3004"}]
INFO:root:[GS04] [4] 2026/03/30 21:28:33 Refreshed the list of other Game Servers
INFO:root:[Name Server] 2026/03/30 21:28:53 GET /game-servers - [{"id":4,"url":"http://localhost:3004"}]
INFO:root:[GS04] [4] 2026/03/30 21:28:53 Refreshed the list of other Game Servers
INFO:root:[Name Server] 2026/03/30 21:29:13 GET /game-servers - [{"id":4,"url":"http://localhost:3004"}]
INFO:root:[GS04] [4] 2026/03/30 21:29:13 Refreshed the list of other Game Servers
INFO:root:[Name Server] 2026/03/30 21:29:33 GET /game-servers - [{"id":4,"url":"http://localhost:3004"}]
INFO:root:[GS04] [4] 2026/03/30 21:29:33 Refreshed the list of other Game Servers
INFO:root:[Name Server] 2026/03/30 21:29:53 GET /game-servers - [{"id":4,"url":"http://localhost:3004"}]
INFO:root:[GS04] [4] 2026/03/30 21:29:53 Refreshed the list of other Game Servers
INFO:root:[Name Server] 2026/03/30 21:30:13 GET /game-servers - [{"id":4,"url":"http://localhost:3004"}]
INFO:root:[GS04] [4] 2026/03/30 21:30:13 Refreshed the list of other Game Servers
INFO:root:[Name Server] 2026/03/30 21:30:33 GET /game-servers - [{"id":4,"url":"http://localhost:3004"}]
INFO:root:[GS04] [4] 2026/03/30 21:30:33 Refreshed the list of other Game Servers
INFO:root:[Name Server] 2026/03/30 21:30:53 GET /game-servers - [{"id":4,"url":"http://localhost:3004"}]
INFO:root:[GS04] [4] 2026/03/30 21:30:53 Refreshed the list of other Game Servers
INFO:root:[Name Server] 2026/03/30 21:31:13 GET /game-servers - [{"id":4,"url":"http://localhost:3004"}]
INFO:root:[GS04] [4] 2026/03/30 21:31:13 Refreshed the list of other Game Servers
INFO:root:[Name Server] 2026/03/30 21:31:33 GET /game-servers - [{"id":4,"url":"http://localhost:3004"}]
INFO:root:[GS04] [4] 2026/03/30 21:31:33 Refreshed the list of other Game Servers
INFO:root:[Name Server] 2026/03/30 21:31:53 GET /game-servers - [{"id":4,"url":"http://localhost:3004"}]
INFO:root:[GS04] [4] 2026/03/30 21:31:53 Refreshed the list of other Game Servers
INFO:root:[Name Server] 2026/03/30 21:32:13 GET /game-servers - [{"id":4,"url":"http://localhost:3004"}]
INFO:root:[GS04] [4] 2026/03/30 21:32:13 Refreshed the list of other Game Servers
INFO:root:[Name Server] 2026/03/30 21:32:33 GET /game-servers - [{"id":4,"url":"http://localhost:3004"}]
INFO:root:[GS04] [4] 2026/03/30 21:32:33 Refreshed the list of other Game Servers
INFO:root:[Name Server] 2026/03/30 21:32:53 GET /game-servers - [{"id":4,"url":"http://localhost:3004"}]
INFO:root:[GS04] [4] 2026/03/30 21:32:53 Refreshed the list of other Game Servers
INFO:root:[Name Server] 2026/03/30 21:33:13 GET /game-servers - [{"id":4,"url":"http://localhost:3004"}]
INFO:root:[GS04] [4] 2026/03/30 21:33:13 Refreshed the list of other Game Servers
INFO:root:[Name Server] 2026/03/30 21:33:33 GET /game-servers - [{"id":4,"url":"http://localhost:3004"}]
INFO:root:[GS04] [4] 2026/03/30 21:33:33 Refreshed the list of other Game Servers
INFO:root:[Name Server] 2026/03/30 21:33:53 GET /game-servers - [{"id":4,"url":"http://localhost:3004"}]
INFO:root:[GS04] [4] 2026/03/30 21:33:53 Refreshed the list of other Game Servers
INFO:root:[Name Server] 2026/03/30 21:34:13 GET /game-servers - [{"id":4,"url":"http://localhost:3004"}]
INFO:root:[GS04] [4] 2026/03/30 21:34:13 Refreshed the list of other Game Servers
INFO:root:[Name Server] 2026/03/30 21:34:33 GET /game-servers - [{"id":4,"url":"http://localhost:3004"}]
INFO:root:[GS04] [4] 2026/03/30 21:34:33 Refreshed the list of other Game Servers
INFO:root:[Name Server] 2026/03/30 21:34:53 GET /game-servers - [{"id":4,"url":"http://localhost:3004"}]
INFO:root:[GS04] [4] 2026/03/30 21:34:53 Refreshed the list of other Game Servers
INFO:root:[Name Server] 2026/03/30 21:35:13 GET /game-servers - [{"id":4,"url":"http://localhost:3004"}]
INFO:root:[GS04] [4] 2026/03/30 21:35:13 Refreshed the list of other Game Servers
INFO:root:[Name Server] 2026/03/30 21:35:33 GET /game-servers - [{"id":4,"url":"http://localhost:3004"}]
INFO:root:[GS04] [4] 2026/03/30 21:35:33 Refreshed the list of other Game Servers
INFO:root:[Name Server] 2026/03/30 21:35:53 GET /game-servers - [{"id":4,"url":"http://localhost:3004"}]
INFO:root:[GS04] [4] 2026/03/30 21:35:53 Refreshed the list of other Game Servers
INFO:root:[Name Server] 2026/03/30 21:36:13 GET /game-servers - [{"id":4,"url":"http://localhost:3004"}]
INFO:root:[GS04] [4] 2026/03/30 21:36:13 Refreshed the list of other Game Servers
INFO:root:[Name Server] 2026/03/30 21:36:33 GET /game-servers - [{"id":4,"url":"http://localhost:3004"}]
INFO:root:[GS04] [4] 2026/03/30 21:36:33 Refreshed the list of other Game Servers
INFO:root:[Name Server] 2026/03/30 21:36:53 GET /game-servers - [{"id":4,"url":"http://localhost:3004"}]
INFO:root:[GS04] [4] 2026/03/30 21:36:53 Refreshed the list of other Game Servers
INFO:root:[Name Server] 2026/03/30 21:37:13 GET /game-servers - [{"id":4,"url":"http://localhost:3004"}]
INFO:root:[GS04] [4] 2026/03/30 21:37:13 Refreshed the list of other Game Servers
INFO:root:[Name Server] 2026/03/30 21:37:33 GET /game-servers - [{"id":4,"url":"http://localhost:3004"}]
INFO:root:[GS04] [4] 2026/03/30 21:37:33 Refreshed the list of other Game Servers
INFO:root:[Name Server] 2026/03/30 21:37:53 GET /game-servers - [{"id":4,"url":"http://localhost:3004"}]
INFO:root:[GS04] [4] 2026/03/30 21:37:53 Refreshed the list of other Game Servers
INFO:root:[Name Server] 2026/03/30 21:38:13 GET /game-servers - [{"id":4,"url":"http://localhost:3004"}]
INFO:root:[GS04] [4] 2026/03/30 21:38:13 Refreshed the list of other Game Servers
INFO:root:[Name Server] 2026/03/30 21:38:33 GET /game-servers - [{"id":4,"url":"http://localhost:3004"}]
INFO:root:[GS04] [4] 2026/03/30 21:38:33 Refreshed the list of other Game Servers
INFO:root:[Name Server] 2026/03/30 21:38:53 GET /game-servers - [{"id":4,"url":"http://localhost:3004"}]
INFO:root:[GS04] [4] 2026/03/30 21:38:53 Refreshed the list of other Game Servers
INFO:root:[Name Server] 2026/03/30 21:39:13 GET /game-servers - [{"id":4,"url":"http://localhost:3004"}]
INFO:root:[GS04] [4] 2026/03/30 21:39:13 Refreshed the list of other Game Servers
INFO:root:[Name Server] 2026/03/30 21:39:33 GET /game-servers - [{"id":4,"url":"http://localhost:3004"}]
INFO:root:[GS04] [4] 2026/03/30 21:39:33 Refreshed the list of other Game Servers
INFO:root:[Name Server] 2026/03/30 21:39:53 GET /game-servers - [{"id":4,"url":"http://localhost:3004"}]
INFO:root:[GS04] [4] 2026/03/30 21:39:53 Refreshed the list of other Game Servers
INFO:root:[Name Server] 2026/03/30 21:40:13 GET /game-servers - [{"id":4,"url":"http://localhost:3004"}]
INFO:root:[GS04] [4] 2026/03/30 21:40:13 Refreshed the list of other Game Servers
INFO:root:[Name Server] 2026/03/30 21:40:33 GET /game-servers - [{"id":4,"url":"http://localhost:3004"}]
INFO:root:[GS04] [4] 2026/03/30 21:40:33 Refreshed the list of other Game Servers
INFO:root:[Name Server] 2026/03/30 21:40:53 GET /game-servers - [{"id":4,"url":"http://localhost:3004"}]
INFO:root:[GS04] [4] 2026/03/30 21:40:53 Refreshed the list of other Game Servers
INFO:root:[Name Server] 2026/03/30 21:41:13 GET /game-servers - [{"id":4,"url":"http://localhost:3004"}]
INFO:root:[GS04] [4] 2026/03/30 21:41:13 Refreshed the list of other Game Servers
INFO:root:[Name Server] 2026/03/30 21:41:33 GET /game-servers - [{"id":4,"url":"http://localhost:3004"}]
INFO:root:[GS04] [4] 2026/03/30 21:41:33 Refreshed the list of other Game Servers
INFO:root:[Name Server] 2026/03/30 21:41:53 GET /game-servers - [{"id":4,"url":"http://localhost:3004"}]
INFO:root:[GS04] [4] 2026/03/30 21:41:53 Refreshed the list of other Game Servers
INFO:root:[Name Server] 2026/03/30 21:42:13 GET /game-servers - [{"id":4,"url":"http://localhost:3004"}]
INFO:root:[GS04] [4] 2026/03/30 21:42:13 Refreshed the list of other Game Servers
INFO:root:[Name Server] 2026/03/30 21:42:33 GET /game-servers - [{"id":4,"url":"http://localhost:3004"}]
INFO:root:[GS04] [4] 2026/03/30 21:42:33 Refreshed the list of other Game Servers
INFO:root:[Name Server] 2026/03/30 21:42:53 GET /game-servers - [{"id":4,"url":"http://localhost:3004"}]
INFO:root:[GS04] [4] 2026/03/30 21:42:53 Refreshed the list of other Game Servers
INFO:root:[Name Server] 2026/03/30 21:43:13 GET /game-servers - [{"id":4,"url":"http://localhost:3004"}]
INFO:root:[GS04] [4] 2026/03/30 21:43:13 Refreshed the list of other Game Servers
INFO:root:[Name Server] 2026/03/30 21:43:33 GET /game-servers - [{"id":4,"url":"http://localhost:3004"}]
INFO:root:[GS04] [4] 2026/03/30 21:43:33 Refreshed the list of other Game Servers
INFO:root:[Name Server] 2026/03/30 21:43:53 GET /game-servers - [{"id":4,"url":"http://localhost:3004"}]
INFO:root:[GS04] [4] 2026/03/30 21:43:53 Refreshed the list of other Game Servers
INFO:root:[Name Server] 2026/03/30 21:44:13 GET /game-servers - [{"id":4,"url":"http://localhost:3004"}]
INFO:root:[GS04] [4] 2026/03/30 21:44:13 Refreshed the list of other Game Servers
INFO:root:[Name Server] 2026/03/30 21:44:33 GET /game-servers - [{"id":4,"url":"http://localhost:3004"}]
INFO:root:[GS04] [4] 2026/03/30 21:44:33 Refreshed the list of other Game Servers
INFO:root:[Name Server] 2026/03/30 21:44:53 GET /game-servers - [{"id":4,"url":"http://localhost:3004"}]
INFO:root:[GS04] [4] 2026/03/30 21:44:53 Refreshed the list of other Game Servers
INFO:root:[Name Server] 2026/03/30 21:45:13 GET /game-servers - [{"id":4,"url":"http://localhost:3004"}]
INFO:root:[GS04] [4] 2026/03/30 21:45:13 Refreshed the list of other Game Servers
INFO:root:[Name Server] 2026/03/30 21:45:33 GET /game-servers - [{"id":4,"url":"http://localhost:3004"}]
INFO:root:[GS04] [4] 2026/03/30 21:45:33 Refreshed the list of other Game Servers
INFO:root:[Name Server] 2026/03/30 21:45:53 GET /game-servers - [{"id":4,"url":"http://localhost:3004"}]
INFO:root:[GS04] [4] 2026/03/30 21:45:53 Refreshed the list of other Game Servers
INFO:root:[Name Server] 2026/03/30 21:46:13 GET /game-servers - [{"id":4,"url":"http://localhost:3004"}]
INFO:root:[GS04] [4] 2026/03/30 21:46:13 Refreshed the list of other Game Servers
INFO:root:[Name Server] 2026/03/30 21:46:33 GET /game-servers - [{"id":4,"url":"http://localhost:3004"}]
INFO:root:[GS04] [4] 2026/03/30 21:46:33 Refreshed the list of other Game Servers
INFO:root:[Name Server] 2026/03/30 21:46:53 GET /game-servers - [{"id":4,"url":"http://localhost:3004"}]
INFO:root:[GS04] [4] 2026/03/30 21:46:53 Refreshed the list of other Game Servers
INFO:root:[Name Server] 2026/03/30 21:47:13 GET /game-servers - [{"id":4,"url":"http://localhost:3004"}]
INFO:root:[GS04] [4] 2026/03/30 21:47:13 Refreshed the list of other Game Servers
INFO:root:[Name Server] 2026/03/30 21:47:33 GET /game-servers - [{"id":4,"url":"http://localhost:3004"}]
INFO:root:[GS04] [4] 2026/03/30 21:47:33 Refreshed the list of other Game Servers
INFO:root:[Name Server] 2026/03/30 21:47:53 GET /game-servers - [{"id":4,"url":"http://localhost:3004"}]
INFO:root:[GS04] [4] 2026/03/30 21:47:53 Refreshed the list of other Game Servers
INFO:root:[Name Server] 2026/03/30 21:48:13 GET /game-servers - [{"id":4,"url":"http://localhost:3004"}]
INFO:root:[GS04] [4] 2026/03/30 21:48:13 Refreshed the list of other Game Servers
INFO:root:[Name Server] 2026/03/30 21:48:33 GET /game-servers - [{"id":4,"url":"http://localhost:3004"}]
INFO:root:[GS04] [4] 2026/03/30 21:48:33 Refreshed the list of other Game Servers
INFO:root:[Name Server] 2026/03/30 21:48:53 GET /game-servers - [{"id":4,"url":"http://localhost:3004"}]
INFO:root:[GS04] [4] 2026/03/30 21:48:53 Refreshed the list of other Game Servers
INFO:root:[Name Server] 2026/03/30 21:49:13 GET /game-servers - [{"id":4,"url":"http://localhost:3004"}]
INFO:root:[GS04] [4] 2026/03/30 21:49:13 Refreshed the list of other Game Servers
INFO:root:[Name Server] 2026/03/30 21:49:33 GET /game-servers - [{"id":4,"url":"http://localhost:3004"}]
INFO:root:[GS04] [4] 2026/03/30 21:49:33 Refreshed the list of other Game Servers
INFO:root:[Name Server] 2026/03/30 21:49:53 GET /game-servers - [{"id":4,"url":"http://localhost:3004"}]
INFO:root:[GS04] [4] 2026/03/30 21:49:53 Refreshed the list of other Game Servers
INFO:root:[Name Server] 2026/03/30 21:50:13 GET /game-servers - [{"id":4,"url":"http://localhost:3004"}]
INFO:root:[GS04] [4] 2026/03/30 21:50:13 Refreshed the list of other Game Servers
INFO:root:[Name Server] 2026/03/30 21:50:33 GET /game-servers - [{"id":4,"url":"http://localhost:3004"}]
INFO:root:[GS04] [4] 2026/03/30 21:50:33 Refreshed the list of other Game Servers
INFO:root:[Name Server] 2026/03/30 21:50:53 GET /game-servers - [{"id":4,"url":"http://localhost:3004"}]
INFO:root:[GS04] [4] 2026/03/30 21:50:53 Refreshed the list of other Game Servers
INFO:root:[Name Server] 2026/03/30 21:51:13 GET /game-servers - [{"id":4,"url":"http://localhost:3004"}]
INFO:root:[GS04] [4] 2026/03/30 21:51:13 Refreshed the list of other Game Servers
INFO:root:[Name Server] 2026/03/30 21:51:33 GET /game-servers - [{"id":4,"url":"http://localhost:3004"}]
INFO:root:[GS04] [4] 2026/03/30 21:51:33 Refreshed the list of other Game Servers
INFO:root:[Name Server] 2026/03/30 21:51:53 GET /game-servers - [{"id":4,"url":"http://localhost:3004"}]
INFO:root:[GS04] [4] 2026/03/30 21:51:53 Refreshed the list of other Game Servers
INFO:root:[Name Server] 2026/03/30 21:52:13 GET /game-servers - [{"id":4,"url":"http://localhost:3004"}]
INFO:root:[GS04] [4] 2026/03/30 21:52:13 Refreshed the list of other Game Servers
INFO:root:[Name Server] 2026/03/30 21:52:33 GET /game-servers - [{"id":4,"url":"http://localhost:3004"}]
INFO:root:[GS04] [4] 2026/03/30 21:52:33 Refreshed the list of other Game Servers
INFO:root:[Name Server] 2026/03/30 21:52:53 GET /game-servers - [{"id":4,"url":"http://localhost:3004"}]
INFO:root:[GS04] [4] 2026/03/30 21:52:53 Refreshed the list of other Game Servers
INFO:root:[Name Server] 2026/03/30 21:53:13 GET /game-servers - [{"id":4,"url":"http://localhost:3004"}]
INFO:root:[GS04] [4] 2026/03/30 21:53:13 Refreshed the list of other Game Servers
INFO:root:[Name Server] 2026/03/30 21:53:33 GET /game-servers - [{"id":4,"url":"http://localhost:3004"}]
INFO:root:[GS04] [4] 2026/03/30 21:53:33 Refreshed the list of other Game Servers
INFO:root:[Name Server] 2026/03/30 21:53:53 GET /game-servers - [{"id":4,"url":"http://localhost:3004"}]
INFO:root:[GS04] [4] 2026/03/30 21:53:53 Refreshed the list of other Game Servers
INFO:root:[Name Server] 2026/03/30 21:54:13 GET /game-servers - [{"id":4,"url":"http://localhost:3004"}]
INFO:root:[GS04] [4] 2026/03/30 21:54:13 Refreshed the list of other Game Servers
INFO:root:[Name Server] 2026/03/30 21:54:33 GET /game-servers - [{"id":4,"url":"http://localhost:3004"}]
INFO:root:[GS04] [4] 2026/03/30 21:54:33 Refreshed the list of other Game Servers
INFO:root:[Name Server] 2026/03/30 21:54:53 GET /game-servers - [{"id":4,"url":"http://localhost:3004"}]
INFO:root:[GS04] [4] 2026/03/30 21:54:53 Refreshed the list of other Game Servers
INFO:root:[Name Server] 2026/03/30 21:55:13 GET /game-servers - [{"id":4,"url":"http://localhost:3004"}]
INFO:root:[GS04] [4] 2026/03/30 21:55:13 Refreshed the list of other Game Servers
INFO:root:[Name Server] 2026/03/30 21:55:33 GET /game-servers - [{"id":4,"url":"http://localhost:3004"}]
INFO:root:[GS04] [4] 2026/03/30 21:55:33 Refreshed the list of other Game Servers
INFO:root:[Name Server] 2026/03/30 21:55:53 GET /game-servers - [{"id":4,"url":"http://localhost:3004"}]
INFO:root:[GS04] [4] 2026/03/30 21:55:53 Refreshed the list of other Game Servers
INFO:root:[Name Server] 2026/03/30 21:56:13 GET /game-servers - [{"id":4,"url":"http://localhost:3004"}]
INFO:root:[GS04] [4] 2026/03/30 21:56:13 Refreshed the list of other Game Servers
INFO:root:[Name Server] 2026/03/30 21:56:33 GET /game-servers - [{"id":4,"url":"http://localhost:3004"}]
INFO:root:[GS04] [4] 2026/03/30 21:56:33 Refreshed the list of other Game Servers
INFO:root:[Name Server] 2026/03/30 21:56:53 GET /game-servers - [{"id":4,"url":"http://localhost:3004"}]
INFO:root:[GS04] [4] 2026/03/30 21:56:53 Refreshed the list of other Game Servers
INFO:root:[Name Server] 2026/03/30 21:57:13 GET /game-servers - [{"id":4,"url":"http://localhost:3004"}]
INFO:root:[GS04] [4] 2026/03/30 21:57:13 Refreshed the list of other Game Servers
INFO:root:[Name Server] 2026/03/30 21:57:33 GET /game-servers - [{"id":4,"url":"http://localhost:3004"}]
INFO:root:[GS04] [4] 2026/03/30 21:57:33 Refreshed the list of other Game Servers
INFO:root:[Name Server] 2026/03/30 21:57:53 GET /game-servers - [{"id":4,"url":"http://localhost:3004"}]
INFO:root:[GS04] [4] 2026/03/30 21:57:53 Refreshed the list of other Game Servers
INFO:root:[Name Server] 2026/03/30 21:58:13 GET /game-servers - [{"id":4,"url":"http://localhost:3004"}]
INFO:root:[GS04] [4] 2026/03/30 21:58:13 Refreshed the list of other Game Servers
INFO:root:[Name Server] 2026/03/30 21:58:33 GET /game-servers - [{"id":4,"url":"http://localhost:3004"}]
INFO:root:[GS04] [4] 2026/03/30 21:58:33 Refreshed the list of other Game Servers
INFO:root:[Name Server] 2026/03/30 21:58:53 GET /game-servers - [{"id":4,"url":"http://localhost:3004"}]
INFO:root:[GS04] [4] 2026/03/30 21:58:53 Refreshed the list of other Game Servers
INFO:root:[Name Server] 2026/03/30 21:59:13 GET /game-servers - [{"id":4,"url":"http://localhost:3004"}]
INFO:root:[GS04] [4] 2026/03/30 21:59:13 Refreshed the list of other Game Servers
INFO:root:[Name Server] 2026/03/30 21:59:33 GET /game-servers - [{"id":4,"url":"http://localhost:3004"}]
INFO:root:[GS04] [4] 2026/03/30 21:59:33 Refreshed the list of other Game Servers
INFO:root:[Name Server] 2026/03/30 21:59:53 GET /game-servers - [{"id":4,"url":"http://localhost:3004"}]
INFO:root:[GS04] [4] 2026/03/30 21:59:53 Refreshed the list of other Game Servers
INFO:root:[Name Server] 2026/03/30 22:00:13 GET /game-servers - [{"id":4,"url":"http://localhost:3004"}]
INFO:root:[GS04] [4] 2026/03/30 22:00:13 Refreshed the list of other Game Servers
INFO:root:[Name Server] 2026/03/30 22:00:33 GET /game-servers - [{"id":4,"url":"http://localhost:3004"}]
INFO:root:[GS04] [4] 2026/03/30 22:00:33 Refreshed the list of other Game Servers
INFO:root:[Name Server] 2026/03/30 22:00:53 GET /game-servers - [{"id":4,"url":"http://localhost:3004"}]
INFO:root:[GS04] [4] 2026/03/30 22:00:53 Refreshed the list of other Game Servers
INFO:root:[Name Server] 2026/03/30 22:01:13 GET /game-servers - [{"id":4,"url":"http://localhost:3004"}]
INFO:root:[GS04] [4] 2026/03/30 22:01:13 Refreshed the list of other Game Servers
INFO:root:[Name Server] 2026/03/30 22:01:33 GET /game-servers - [{"id":4,"url":"http://localhost:3004"}]
INFO:root:[GS04] [4] 2026/03/30 22:01:33 Refreshed the list of other Game Servers
INFO:root:[Name Server] 2026/03/30 22:01:53 GET /game-servers - [{"id":4,"url":"http://localhost:3004"}]
INFO:root:[GS04] [4] 2026/03/30 22:01:53 Refreshed the list of other Game Servers
INFO:root:[Name Server] 2026/03/30 22:02:13 GET /game-servers - [{"id":4,"url":"http://localhost:3004"}]
INFO:root:[GS04] [4] 2026/03/30 22:02:13 Refreshed the list of other Game Servers
INFO:root:[Name Server] 2026/03/30 22:02:33 GET /game-servers - [{"id":4,"url":"http://localhost:3004"}]
INFO:root:[GS04] [4] 2026/03/30 22:02:33 Refreshed the list of other Game Servers
INFO:root:[Name Server] 2026/03/30 22:02:53 GET /game-servers - [{"id":4,"url":"http://localhost:3004"}]
INFO:root:[GS04] [4] 2026/03/30 22:02:53 Refreshed the list of other Game Servers
INFO:root:[Name Server] 2026/03/30 22:03:13 GET /game-servers - [{"id":4,"url":"http://localhost:3004"}]
INFO:root:[GS04] [4] 2026/03/30 22:03:13 Refreshed the list of other Game Servers
INFO:root:[Name Server] 2026/03/30 22:03:33 GET /game-servers - [{"id":4,"url":"http://localhost:3004"}]
INFO:root:[GS04] [4] 2026/03/30 22:03:33 Refreshed the list of other Game Servers
INFO:root:[Name Server] 2026/03/30 22:03:53 GET /game-servers - [{"id":4,"url":"http://localhost:3004"}]
INFO:root:[GS04] [4] 2026/03/30 22:03:53 Refreshed the list of other Game Servers
INFO:root:[Name Server] 2026/03/30 22:04:13 GET /game-servers - [{"id":4,"url":"http://localhost:3004"}]
INFO:root:[GS04] [4] 2026/03/30 22:04:13 Refreshed the list of other Game Servers
INFO:root:[Name Server] 2026/03/30 22:04:33 GET /game-servers - [{"id":4,"url":"http://localhost:3004"}]
INFO:root:[GS04] [4] 2026/03/30 22:04:33 Refreshed the list of other Game Servers
INFO:root:[Name Server] 2026/03/30 22:04:53 GET /game-servers - [{"id":4,"url":"http://localhost:3004"}]
INFO:root:[GS04] [4] 2026/03/30 22:04:53 Refreshed the list of other Game Servers
INFO:root:[Name Server] 2026/03/30 22:05:13 GET /game-servers - [{"id":4,"url":"http://localhost:3004"}]
INFO:root:[GS04] [4] 2026/03/30 22:05:13 Refreshed the list of other Game Servers
INFO:root:[Name Server] 2026/03/30 22:05:33 GET /game-servers - [{"id":4,"url":"http://localhost:3004"}]
INFO:root:[GS04] [4] 2026/03/30 22:05:33 Refreshed the list of other Game Servers
INFO:root:[Name Server] 2026/03/30 22:05:53 GET /game-servers - [{"id":4,"url":"http://localhost:3004"}]
INFO:root:[GS04] [4] 2026/03/30 22:05:53 Refreshed the list of other Game Servers
INFO:root:[Name Server] 2026/03/30 22:06:13 GET /game-servers - [{"id":4,"url":"http://localhost:3004"}]
INFO:root:[GS04] [4] 2026/03/30 22:06:13 Refreshed the list of other Game Servers
INFO:root:[Name Server] 2026/03/30 22:06:33 GET /game-servers - [{"id":4,"url":"http://localhost:3004"}]
INFO:root:[GS04] [4] 2026/03/30 22:06:33 Refreshed the list of other Game Servers
INFO:root:[Name Server] 2026/03/30 22:06:53 GET /game-servers - [{"id":4,"url":"http://localhost:3004"}]
INFO:root:[GS04] [4] 2026/03/30 22:06:53 Refreshed the list of other Game Servers
INFO:root:[Name Server] 2026/03/30 22:07:13 GET /game-servers - [{"id":4,"url":"http://localhost:3004"}]
INFO:root:[GS04] [4] 2026/03/30 22:07:13 Refreshed the list of other Game Servers
INFO:root:[Name Server] 2026/03/30 22:07:33 GET /game-servers - [{"id":4,"url":"http://localhost:3004"}]
INFO:root:[GS04] [4] 2026/03/30 22:07:33 Refreshed the list of other Game Servers
INFO:root:[Name Server] 2026/03/30 22:07:53 GET /game-servers - [{"id":4,"url":"http://localhost:3004"}]
INFO:root:[GS04] [4] 2026/03/30 22:07:53 Refreshed the list of other Game Servers
INFO:root:[Name Server] 2026/03/30 22:08:13 GET /game-servers - [{"id":4,"url":"http://localhost:3004"}]
INFO:root:[GS04] [4] 2026/03/30 22:08:13 Refreshed the list of other Game Servers
INFO:root:[Name Server] 2026/03/30 22:08:33 GET /game-servers - [{"id":4,"url":"http://localhost:3004"}]
INFO:root:[GS04] [4] 2026/03/30 22:08:33 Refreshed the list of other Game Servers
INFO:root:[Name Server] 2026/03/30 22:08:53 GET /game-servers - [{"id":4,"url":"http://localhost:3004"}]
INFO:root:[GS04] [4] 2026/03/30 22:08:53 Refreshed the list of other Game Servers
INFO:root:[Name Server] 2026/03/30 22:09:13 GET /game-servers - [{"id":4,"url":"http://localhost:3004"}]
INFO:root:[GS04] [4] 2026/03/30 22:09:13 Refreshed the list of other Game Servers
INFO:root:[Name Server] 2026/03/30 22:09:33 GET /game-servers - [{"id":4,"url":"http://localhost:3004"}]
INFO:root:[GS04] [4] 2026/03/30 22:09:33 Refreshed the list of other Game Servers
INFO:root:[Name Server] 2026/03/30 22:09:53 GET /game-servers - [{"id":4,"url":"http://localhost:3004"}]
INFO:root:[GS04] [4] 2026/03/30 22:09:53 Refreshed the list of other Game Servers
INFO:root:[Name Server] 2026/03/30 22:10:13 GET /game-servers - [{"id":4,"url":"http://localhost:3004"}]
INFO:root:[GS04] [4] 2026/03/30 22:10:13 Refreshed the list of other Game Servers
INFO:root:[Name Server] 2026/03/30 22:10:33 GET /game-servers - [{"id":4,"url":"http://localhost:3004"}]
INFO:root:[GS04] [4] 2026/03/30 22:10:33 Refreshed the list of other Game Servers
INFO:root:[Name Server] 2026/03/30 22:10:53 GET /game-servers - [{"id":4,"url":"http://localhost:3004"}]
INFO:root:[GS04] [4] 2026/03/30 22:10:53 Refreshed the list of other Game Servers
INFO:root:[Name Server] 2026/03/30 22:11:13 GET /game-servers - [{"id":4,"url":"http://localhost:3004"}]
INFO:root:[GS04] [4] 2026/03/30 22:11:13 Refreshed the list of other Game Servers
INFO:root:[Name Server] 2026/03/30 22:11:33 GET /game-servers - [{"id":4,"url":"http://localhost:3004"}]
INFO:root:[GS04] [4] 2026/03/30 22:11:33 Refreshed the list of other Game Servers
INFO:root:[Name Server] 2026/03/30 22:11:53 GET /game-servers - [{"id":4,"url":"http://localhost:3004"}]
INFO:root:[GS04] [4] 2026/03/30 22:11:53 Refreshed the list of other Game Servers
INFO:root:[Name Server] 2026/03/30 22:12:13 GET /game-servers - [{"id":4,"url":"http://localhost:3004"}]
INFO:root:[GS04] [4] 2026/03/30 22:12:13 Refreshed the list of other Game Servers
INFO:root:[Name Server] 2026/03/30 22:12:33 GET /game-servers - [{"id":4,"url":"http://localhost:3004"}]
INFO:root:[GS04] [4] 2026/03/30 22:12:33 Refreshed the list of other Game Servers
INFO:root:[Name Server] 2026/03/30 22:12:53 GET /game-servers - [{"id":4,"url":"http://localhost:3004"}]
INFO:root:[GS04] [4] 2026/03/30 22:12:53 Refreshed the list of other Game Servers
INFO:root:[Name Server] 2026/03/30 22:13:13 GET /game-servers - [{"id":4,"url":"http://localhost:3004"}]
INFO:root:[GS04] [4] 2026/03/30 22:13:13 Refreshed the list of other Game Servers
INFO:root:[Name Server] 2026/03/30 22:13:33 GET /game-servers - [{"id":4,"url":"http://localhost:3004"}]
INFO:root:[GS04] [4] 2026/03/30 22:13:33 Refreshed the list of other Game Servers
INFO:root:[Name Server] 2026/03/30 22:13:53 GET /game-servers - [{"id":4,"url":"http://localhost:3004"}]
INFO:root:[GS04] [4] 2026/03/30 22:13:53 Refreshed the list of other Game Servers
INFO:root:[Name Server] 2026/03/30 22:14:13 GET /game-servers - [{"id":4,"url":"http://localhost:3004"}]
INFO:root:[GS04] [4] 2026/03/30 22:14:13 Refreshed the list of other Game Servers
INFO:root:[Name Server] 2026/03/30 22:14:33 GET /game-servers - [{"id":4,"url":"http://localhost:3004"}]
INFO:root:[GS04] [4] 2026/03/30 22:14:33 Refreshed the list of other Game Servers
INFO:root:[Name Server] 2026/03/30 22:14:53 GET /game-servers - [{"id":4,"url":"http://localhost:3004"}]
INFO:root:[GS04] [4] 2026/03/30 22:14:53 Refreshed the list of other Game Servers
INFO:root:[Name Server] 2026/03/30 22:15:13 GET /game-servers - [{"id":4,"url":"http://localhost:3004"}]
INFO:root:[GS04] [4] 2026/03/30 22:15:13 Refreshed the list of other Game Servers
INFO:root:[Name Server] 2026/03/30 22:15:33 GET /game-servers - [{"id":4,"url":"http://localhost:3004"}]
INFO:root:[GS04] [4] 2026/03/30 22:15:33 Refreshed the list of other Game Servers
INFO:root:[Name Server] 2026/03/30 22:15:53 GET /game-servers - [{"id":4,"url":"http://localhost:3004"}]
INFO:root:[GS04] [4] 2026/03/30 22:15:53 Refreshed the list of other Game Servers
INFO:root:[Name Server] exit status 0xc000013a
DEBUG:root:[Name Server] Terminated
INFO:root:[Front-end Server] ^CTerminate batch job (Y/N)?
DEBUG:root:[Front-end Server] Terminated
INFO:root:[MM00] exit status 0xc000013a
DEBUG:root:[MM00] Terminated
INFO:root:[GS04] exit status 0xc000013a
DEBUG:root:[GS04] Terminated
